user_biography,user_followers,user_following,user_is_private,user_is_verified,user_username,user_media_count,latest_media_comments,latest_media_likes
,1027,1932,False,False,a.a.ghasami20,1,1,122
,105,7195,False,False,amirijik1,9,0,2
,98,1900,False,False,mohamah.kurd,4,0,10
,124,7336,False,False,golmar0543,10,0,1
,83,2410,True,False,sadegh_abde,24,,
,121,6884,False,False,ghalbeyakhi1290,16,1,4
,59,571,False,False,a64802299,10,0,0
,184,5406,False,False,hana.colection1,22,0,6
,500,5485,True,False,ha.nie895,5,,
,142,7501,False,False,gnwkly5,25,0,5
,139,3392,False,False,hosnaamiri99,10,0,44
,10,1197,False,False,sisi_2425,0,,
,83,3129,False,False,yamm._.s3,4,0,1
"SaramğŸ‘€
RstâœŒï¸
Ù…Ù†Ùˆ ØªÙ†Ù‡Ø§ÙŠÙŠØ§Ù…ğŸ˜‰â˜¹ï¸
SingeleâœŒï¸
Ø²Ù†Ø¯Ú¯ÙŠÙ… ÙÙ‚Ø· Ø§Ø¨Ø¬ÙŠÙ…ğŸ˜",148,4210,True,False,sara__javadiiim,5,,
,158,7195,False,False,4hch_ccf,4,1,13
,131,6388,False,False,maryamapi_,22,0,3
,51,2996,True,False,dary_anoori,23,,
"KurdğŸ‘¸
ğŸ‡®ğŸ‡·ğŸ‡¹ğŸ‡·",50,735,True,False,hengamebaboli,22,,
,69,1206,False,False,mahan.2033.nm,4,0,1
,97,727,False,False,kami_24751,8,0,0
,1300,1706,False,False,javad.rahmani2021,7,0,5
"#Ø±ÙˆÚ˜Ø§Ù†_Ú©Ø±Ø¨Ø§Ø³ÛŒğŸ“ğŸƒ
#Ù¾ÛŒØ±Ø³ÛŒÙ†Ú¯_Ú¯ÙˆØ´ğŸ˜
#Ø§Ù¾Ù„Ø§Ø³ÛŒÙˆÙ†ğŸ™ˆ
#Ú©Ø§Ø´Øª_Ù…Ú˜Ù‡_ÙˆØ§Ù„ÛŒÙˆÙ…_Ù…Ú¯Ø§ÙˆØ§Ù„ÛŒÙˆÙ…_ØµÙØ±ØªØ§ØµØ¯ğŸ‘€ğŸ˜
Ø±Ø´Øª Ø¬Ø§Ø¯Ù‡ Ø±Ø´Øª Ø¨Ù‡ ÙÙˆÙ…Ù† Ø³Ø±Ø§ÛŒ Ø¹Ø²ÛŒØ²ÛŒ Ú©ÙˆÚ†Ù‡ Ø¢Ù‚Ø§ Ø³ÛŒØ¯ Ø§Ø¨Ø±Ø§Ù‡ÛŒÙ… Ø³Ø§Ù„Ù† Ø²ÛŒØ¨Ø§ÛŒÛŒ Ø±ÙˆÚ˜Ø§Ù† ğŸ’„",1576,1355,False,False,ruzhan.keratin,21,12,71
"singlee
shiraz",149,5430,True,False,aramahmadi612,22,,
,49,1451,True,False,sahariii__06,6,,
ğŸ’œ,52,1001,True,False,meli.ka1022,4,,
,63,2766,False,False,akaaka1444,22,0,0
"à¼’â˜¬Daniyal AliMohammadiâ˜¬à¼’     
Ù
ğŸ“Field of Study : BioMedical EngineeringğŸ’ŠğŸ”§
Ù
ğŸ¼I love Playing guitar ğŸ¸
ÙğŸ¼Beat MakerğŸ¹
Ù
ğŸ“Author Of Short TextğŸ“
Ù
Karmaâ³",4211,1304,False,False,daniyal_real,2,0,852
"GuitarğŸ¸
Ordibehesht mahiğŸ‘¸
Bad girl
Madarmâ™¥ï¸",2076,4678,True,False,sana.__.13811,3,,
,88,4874,False,False,arminsabri2020,4,0,3
"Yazd â¤khozestan
ğŸ›µcb  1300
PerspolisğŸ”´",1405,4011,False,False,javadhydari69,143,2,405
"ÙØ±Ù‚ Ø®ÛŒÙ„ÛŒ Ø²ÛŒØ§Ø¯ÛŒÙ‡ Ø¨ÛŒÙ† Ú©Ø³ÛŒ Ú©Ù‡ â€œÚ©Ù… Ù…ÛŒØ§Ø±Ù‡â€
Ø¨Ø§ Ú©Ø³ÛŒ Ú©Ù‡ â€œÚ©ÙˆØªØ§Ù‡ Ù…ÛŒØ§Ø¯â€â€¦!!",1753,3241,False,False,zaiden001,1,0,357
"I loveğŸ’khoda,mamanam,babam,dadashamğŸ’
aban mahi
Direct=blockğŸ˜¡
Ù…Ù…Ù†ÙˆÙ† Ø§Ø² Ø­Ø³Ù† ØµØ¨ÙˆØ±ÛŒ Ú©Ù‡ Ù¾ÛŒØ¬Ù… Ø±Ùˆ Ø¨Ø±Ú¯Ø±Ø¯ÙˆÙ†Ø¯
@hassan_saboorii",173,1273,False,False,banoy_paeizy,75,1,43
,76,2445,False,False,jshdh.35,25,0,2
,393,6616,False,False,ms_nazii77,11,0,120
,86,4331,True,False,fcb_.barcelon,26,,
"Ø§ØµÙ„Ø§ ØªÙˆ Ø®ÙˆØ¨ÛŒ 
ØªÙˆØ¬Ù„Ùˆ
Ù…Ø§Ù¾Ø´ØªÛŒÙ…
ÙˆÙ„ÛŒ Ø§ÛŒÙ† Ø±Ø§Ù‡ÛŒ Ú©Ù‡ Ù…ÛŒØ±ÛŒ Ú¯Ø±Ú¯Ø§Ø´Ùˆ Ù…Ø§Ú©Ø´ØªÛŒÙ… Â£",1513,2661,False,False,hadi._.pooransari,3,8,130
,92,4960,False,False,qwsoheyl,22,0,2
,217,7498,False,False,mazan.dokht,22,1,5
,80,4599,False,False,tatalooi11221,4,0,0
"Goodness without love is impossible
Ø®ÙˆØ¨ÛŒ Ø¨Ø¯ÙˆÙ† Ø¹Ø´Ù‚ ØºÛŒØ± Ù…Ù…Ú©Ù† Ø§Ø³Øª
1989",147,3603,True,False,sara_rezaee_deh_2020,24,,
Baresie keifiat,94,4937,False,False,rami_n6634,4,0,2
,402,3127,False,False,mobg488,4,0,0
ÙÙ‚Ø· Ø®Ø¯Ø§ Ù…ÛŒØªÙˆÙ†Ù‡ Ù…Ø¬Ø§Ø²Ø§ØªÙ… Ú©Ù†Ù‡âš”,447,670,True,False,_mohammad_beroo,0,,
ÙÙ‚Ø· Ø®Ø¯Ø§ ğŸ™ğŸ¼ğŸ™ğŸ¼,84,6635,True,False,liliyajonn799,5,,
,58,739,False,False,elmira_hemati9,23,0,1
,357,1717,False,False,_bad.girli,4,0,8
"Hi guysğŸ’£ğŸ˜ğŸ˜
Im niniğŸ™ˆ",72,3345,False,False,ninijojo47,4,0,1
,101,6778,True,False,shooka.saberii7,23,,
"Ù…ÛŒØ®ÙˆØ§ÛŒ Ø¨Ù‡ Ù…Ø§ Ø¨Ø±Ø³ÛŒ
Ù‡Ù‡
Ø¨Ø¯Ùˆ ØªØ§ Ø¨Ø±Ø³ÛŒ",100,2894,False,False,zah_ra78z,24,0,12
â–âƒŸğŸ•·â€¢â€¢ ğ’šğ’Ï…ğ’“ Ñ•Ğ¼Î¹ğ’ğ’† ğ’„Ğ½ğ’‚ğ’ğ’ˆğ’†Ñ• Ğ¼ğ’š ğ’˜ğ’ğ’“ğ’ğ’…!,520,7497,False,False,__sima._.hr,4,5,53
,67,2184,False,False,safa_9581,4,0,1
,72,2919,False,False,farhad.ahmadii2024,4,0,1
REFF02I3VLZA9,90,5402,False,False,alijiji4,4,0,4
,112,4873,True,False,tintina202,23,,
In the name of god,90,1661,True,False,li_sun_do,5,,
,68,3299,False,False,shahen.838,4,0,1
,130,3879,False,False,m44r.r,4,0,24
,67,2887,False,False,bahadori9074,22,0,0
,101,3905,False,False,loosi264,23,0,0
.,71,2160,False,False,alireza.13890,24,0,1
,97,873,False,False,mobi.n5375,4,0,10
ğŸØ­ÙÙˆØ§Ø³ÙØªÙˆ Ø¨ÙØ¯ÙØ¹ Ø¨Ù Ù…Ø§Ù‡ÙØªØŒÚ†ÙØ±Ø§ØºØ§Ø¦Ù Ø´ÙÙ‡Ø± Ø§ÙØ±Ø²ÙØ´ Ù†ÙØ¯Ø§Ø±ÙÙ†(: â™¥âœ¨,1267,4470,False,False,sultanjanat7598,18,2,42
Ø±Ø¯ ÙÙˆÙ„Ùˆ Ø­Ø³Ø§Ø¨ Ù„Ù„ØªÙØ§Ø¹Ù„,52,281,False,False,ali__aq101,3,0,0
Ø´Ù…Ø§â€Œ Ø±Ø§ Ø¯Ù†Ø¨Ø§Ù„ Ù…ÛŒâ€ŒÚ©Ù†Ø¯,390,3736,False,False,4708fateme,4,0,35
,81,1768,False,False,namardoglan,4,0,4
"ğŸ•‹Ù¾ÛŒØ¬ Ø¯Ø¹Ø§Ù†ÙˆÛŒØ³ÛŒ Ù…Ø¹Ø¬Ø²Ù‡ Ø¯Ø¹Ø§ ğŸ•‹
Ø§Ù†ÙˆØ§Ø¹ Ø¯Ø¹Ø§Ù†ÙˆÛŒØ³ÛŒ #Ø¨Ø®ØªÚ¯Ø´Ø§ÛŒÛŒ #Ø¨Ø±Ú¯Ø´Øª_Ù…Ø¹Ø´ÙˆÙ‚ #Ø±Ø²Ù‚_Ø±ÙˆØ²ÛŒ Ùˆ..
 Ø¨Ù‡ØªØ±ÛŒÙ† Ø§Ø³Ø§ØªÛŒØ¯ Ø¯Ø¹Ø§Ù†ÙˆÛŒØ³ÛŒ Ø¨Ø§ Ø¨ÛŒØ´ Ø§Ø² Û±Û° Ø³Ø§Ù„ ØªØ¬Ø±Ø¨Ù‡ğŸŒ·
Ø²ÛŒØ±Ù†Ø¸Ø± Ù¾ÛŒØ¬:
@mojeze_doaa",738,1202,False,False,mojeze_doaa2,34,1,144
,59,2126,False,False,poripili,4,0,0
,85,2848,False,False,hhggcgghhhgfff,23,0,1
"The moonâ€¢the sunâ€¢the truth
ğŸŒŒAstrophile &amp; selenophileğŸŒ•
CMB Stu@GusğŸ”¬
ğŸ“·ğŸ",66,3108,True,False,mahshidomidy,6,,
ï®¼Ø§Ù†Ú¯Ø§Ø±â€ŒØ¨Ø¹Ø¶ÛŒâ€ŒØ­Ø±ÙØ§â€ŒØ±Ùˆâ€ŒÙ…ØºØ²Ùâ€ŒØ¢Ø¯Ù…â€ŒÙ¾ÛŒÙ†â€ŒÙ…ÛŒÙ…ÙˆÙ†ÙÙ†!ğŸ‚,142,6865,True,False,shmila_hsnpr,24,,
"Ø¯Ø§Ù†Ø´Ø¬Ùˆ
Ø¹Ø¶Ùˆ Ø§Ù†Ø¬Ù…Ù† Ø´Ø¹Ø± Ø³Ø§ØºØ± Ø§ÛŒØ°Ù‡
Ù†ÙˆÛŒØ³Ù†Ø¯Ù‡ Ùˆ Ú©Ø§Ø±Ú¯Ø±Ø¯Ø§Ù† ØªØ¦Ø§ØªØ±
.
.
Ù…ÛŒÙˆÙ†Ø¯",1198,3648,True,False,sadgar_25253,26,,
,68,3736,True,False,sami.n7340,8,,
,261,5782,False,False,mmkkpo8,11,0,4
,60,4814,True,False,mmdhosein_78,4,,
,444,761,False,False,abdolkremle,8,130,167
".
Official account of Amirreza Alizadeh
Singer of Iran,Azarbaycan and Turkiye
#Ø¹Ù„ÛŒØ²Ø§Ø¯Ù‡ #Ù†ÙˆØ­Ù‡_ØªØ±Ú©ÛŒ #Ø§Ù…ÛŒØ±Ø±Ø¶Ø§_Ø¹Ù„ÛŒØ²Ø§Ø¯Ù‡",423,3081,True,False,amirrezaalizadeh._,4,,
,141,1013,False,False,mohammad.faraji.12345,11,0,0
ğŸ‡±ğŸ‡·,119,3709,False,False,avijoooon,6,0,7
Ø®Ø¯Ø§ÛŒØ§ Ø´Ú©Ø±Øª,70,2290,False,False,sahar211382,23,0,3
ğŸµğŸ¶,183,487,False,False,hypnosis31913,1,0,90
"Ø¯ÙØ± Ø­Ø§Ù„ Ù…ÙØ±Ú¯ â–ˆâ–ˆâ–ˆâ–ˆâ–ˆâ–ˆâ–ˆâ–ˆâ–“99%
ğ“‘ğ“»ğ“¸ğ”€ğ“¼ğ“® ğ“½ğ“±ğ“® ğ“¶ğ“®ğ“¶ğ“¸ğ“²ğ“»ğ“¼, ğ“½ğ“±ğ“® ğ“¬ğ“»ğ“ªğ”ƒğ“²ğ“®ğ“¼ğ“½ ğ“¬ğ“»ğ“²ğ“¶ğ“® ğ“½ğ“±ğ“ªğ“½ ğ“±ğ“¾ğ“¶ğ“ªğ“· ğ“¶ğ“ªğ“´ğ“®ğ“¼ ğ“½ğ“¸ ğ“±ğ“²ğ“¼ ğ“»ğ“²ğ“°ğ“±ğ“½ â€
ã€â†¾ Ø§Ø² Û’Ø¬Ø§ÙŠÛ’ Ø¨ÛÙÙ€ Ø¨Ù€ØÙ€Ø¯ ÙÙ‚ÙÙ€â‡œâ€Ù€Ø· Ø²Ù’Ù†Ø¯Ù‡ Ø§Û’â‡£.#
Sh.jğŸ´â€â˜ ï¸",84,2480,False,False,zahra___________17,0,,
,147,2188,False,False,protonteam12,4,0,2
,66,3213,False,False,ali49_202,22,0,3
,118,7363,False,False,cdjdj.d,4,0,3
,68,3132,False,False,fofo87333,4,0,1
"@mohadesehnasirimogaddam 
Ù¾ÛŒØ¬ Ø§ØµÙ„ÛŒÙ… ğŸ™‚ğŸš",391,671,False,False,mogaddam4502,0,,
"Ø¨ÙˆØªÛŒÚ©Ø› Ø³ÙˆÙ† 
Ø§Ø¯Ø±Ø³ : Ø´ÙˆØ´ Ø´Ù‡Ø± ( Ø­Ø± ) 
Ø® Ø¨Ø§Ù‡Ù†Ø± : Ø±ÙˆØ¨Ù‡ Ø±ÙˆÛŒ Ù…ÛŒØ¯Ø§Ù† Ø§Ù…Ø§Ù… Ø­Ø³ÛŒÙ† (Ø¹)
Ø´Ù…Ø§Ø±Ù‡ ØªÙ…Ø§Ø³ 09333657356",164,1023,False,False,boutik__.7,77,0,12
"A LITTLE GIRL WITH BIG DREAMS ğŸ’«
NO PAIN NO GAIN ğŸ˜
MUSIC LOVER ğŸ¶ @taylorswift
* LOVE *
Spring girl",84,3517,True,False,ssadfmm,24,,
,59,1493,False,False,erfannnnnnnnnnp,5,0,1
,53,475,False,False,mohamad669242,23,0,0
,51,1100,True,False,mar.kam12,0,,
,56,1222,False,False,nilo.ofar799,22,0,1
"Ù‚Ù…ğŸ¤˜
Ø¯Ø®ÛŒ Ø¨ÛŒ Ø§Ø¹ØµØ§Ø¨âœŒï¸",168,5863,False,False,fatem_eh729,4,1,26
,184,2515,False,False,nazan_in7135,4,0,1
,50,5723,True,False,mamad3170,42,,
"Be your own brand
-lineğŸš¬
-mshhd",1517,2675,False,False,nzi_zib,0,,
"â¦ğŸ’ªğŸ¾badansazâ¦ğŸ‹ğŸ»â©
TEHRANğŸ«andishe
ğŸµtataloo
Ø§Ø³ØªÙ‚Ù„Ø§Ù„ÛŒğŸ’™
ELXØ¨Ø§Ø²ÙˆØ­Ø´ÛŒ
#Ú†Ù‡Ø±Ù‡ Ù…Ø´Ù‡ÙˆØ±
ğŸ¸Ú¯ÛŒØªØ§Ø±ÛŒØ³Øª
Ù¾Ø³Ø±Ú©  â¦ğŸ—¡ï¸â© Ø¬Ù†Ú¯ÛŒ",6931,5616,False,False,padeshahgalbam,74,29,25
,68,955,False,False,kinhmug,4,0,1
,119,3181,True,False,minapoopoo6,22,,
,72,1012,False,False,baba.k3396,5,0,1
Hhhhhhhhhh,71,1384,False,False,mahyar2020296,4,0,1
,75,3546,False,False,slawbay52,4,0,0
,73,4537,False,False,winterfall888,6,0,2
"ÙÙ‚Ø· Ø·Ø±ÙØ¯Ø§Ø± ÛŒÙ‡ Ù†ÙØ±Ù…  ğŸ‘‡
farzadfarzin1
â¤ÙØ±Ø²Ø§Ø¯ ÙØ±Ø²ÛŒÙ†â¤",2402,4564,False,False,farzad.farzin.official.fan,3,0,7
,80,2446,False,False,a.n.h.93,4,0,1
,69,4122,False,False,farhad.ahmadii55555,6,0,2
,69,1968,False,False,ali12341148,4,1,1
,59,1699,False,False,karimo4529,5,0,0
,2497,4751,True,False,amirhoosin__7272,0,,
,63,3044,False,False,veraji12,4,1,3
"ğŸ’™Hello guys welcome to my pageğŸ’™
â¦",4556,2306,False,False,amir.heydari212,5,0,1075
,57,232,False,False,savash9000,4,0,1
,82,3062,False,False,sodamadah,4,0,1
,63,2162,False,False,jahanam_13_13,4,1,2
,89,1938,True,False,kavinmoradi,10,,
,91,2890,False,False,nastran.ahmadi1358,22,0,1
Big me hastam,59,823,False,False,kinggemr1362,6,0,1
Jiokio65@gmail.com,97,3728,False,False,ali02.020,5,0,1
ğŸ‘»,2277,6298,False,False,arezoo_km79,22,4,314
"â€â€®m_argatsniyab â€¬â€â€ªâ™«: ğ‘ºğ‘¶ğ‘ºğŸ”—. 
â™«: 16: ğ’€.ğ‘¶ğŸ†. 
â™«: ğ‘°ğ‘¹ğ‘¨ğ‘¸ğŸ‡®ğŸ‡¶ğŸŒ¿.
 
- Ø¹ÙŠÙ†Ø§Ù‡Ø§ ØªÙ‚Ù†Ø¹ Ø§Ù„Ù…Ù„Ø­Ø¯ÙŠÙ† Ø¨Ø£Ù†Ù‘ Ø§Ù„Ù„Ù‡ Ù…ÙØ¨Ø¯Ø¹ .",90,4175,False,False,5x_77885,4,1,8
,51,915,True,False,alirezaeiii380,4,,
"Ø´ÛŒÙØªÚ¯Ø§Ù† Ù¾Ø±ÙˆØ§Ø² Ø±Ø§ Ù…ÛŒÙ„ Ø¨Ù‡ Ø®Ø²ÛŒØ¯Ù† Ù†ÛŒØ³âœŒâœŒ
.
.ğŸš«ØªØ§Ø¨Ø¹ Ù‚ÙˆØ§Ù†ÛŒÙ† Ø®ÙˆØ¯Ù…ğŸš«
.
#Ù…Ø§Ø´ÛŒÙ†Ø¨Ø§Ø² #Ù…ÙˆØªÙˆØ±Ø¨Ø§Ø²Ø§Ù†",173,2795,False,False,mehrad_871,10,0,4
Ø³Ù…Øª Ù…Ø§ Ù†ÛŒØ§ Ú©Ù‡ Ù¾Ø± Ù¾Ø±Øª Ù…ÛŒÚ©Ù†ÛŒÙ…,105,1202,False,False,fazeled2021,1,0,1
,79,1916,False,False,arian_asadi_jio,5,0,0
,66,4597,False,False,bbbcccddd6,23,1,7
"Ø³Ù„Ø§Ù…ØªÛŒ Ù‡Ù…Ù‡ Ø§ÙˆÙ†Ø§ Ú©Ù‡ Ù†Ø¯ÙˆÙ†Ø³ØªÙ† Ù‚Ø¯Ø±Ù…ÙˆÙ†ÙˆâœŠ
Ø®ÙˆØ¨ÛŒ Ù…ÛŒØ®ÙˆØ§ÛŒÙ… ÙˆØ§Ø³Ù‡ Ø§ÙˆÙ†Ø§ Ú©Ù‡ Ù…ÛŒØ®ÙˆØ§Ø³ØªÙ† Ø¨Ø¯Ù…ÙˆÙ†Ùˆâ¤
ØªÙˆ Ø±ÙØ§Ù‚ØªØ§ Ú¯Ø°Ø§Ø´ØªÛŒÙ…ØŒ Ø²ÛŒØ±Ù Ù¾Ø§Ø´ÙˆÙ† Ù†Ø±Ø¯Ø¨ÙˆÙ†ÙˆğŸš¡
#Aban
#2002
#Computer
#TEHRAN",938,941,False,False,tm_hosein_tm,0,,
"ğŸ—¼BRJ 
#Graphic
#photomontage
#photoshop",1360,2252,False,False,_amir.h_karimi,26,0,20
,145,2148,False,False,alireza.selimi6,4,0,9
,81,905,False,False,sekanda6,22,0,0
"Ø¨Ù‡ Ø³Ù„Ø§Ù…ØªÛŒ Ø§ÙˆÙ†ÛŒâ€ŒÚ©Ù‡ Ø¯Ù†ÛŒØ§Ø±Ùˆ Ø­Ø±ÛŒÙÙ‡
ÙˆÙ„ÛŒ Ø¨Ø§ Ø§Ø´Ú© Ù…Ø§Ø¯Ø±Ø´ Ù„ÙÙ‡ Ù…ÛŒØ´Ù‡ğŸ˜â¤ğŸ‘‰",150,2464,False,False,sara._.202456,3,0,17
"Art
Inâ¤S",107,6902,True,False,alireza.q11,24,,
,83,2934,False,False,mpp1mpp,4,0,0
,84,3508,False,False,nxnsk9,4,0,0
"Ø§Ø°Ø±Ù…Ø§Ù‡ÛŒğŸŒ™Û²Û¶Ù…ÛŒØ§Ù†Ø¯ÙˆØ§Ø¨
ğŸ‹ğŸğŸŠğŸ¥ğŸğŸğŸ’
      Ù¾Ø§ÛŒÛŒØ²ÛŒ Ú© Ù‡ÙØªÙ…ÛŒÙ† Ø±ÙˆØ² Ø§Ø² Ø¢Ø°Ø±Ø´ Ø³Ù‡Ù… Ù…Ù† Ø§Ø³ØªğŸŠğŸ‹",1720,4183,False,False,farshid.w73,18,0,65
,51,3877,True,False,kkkkkmmmmyyyyyaaa,22,,
,58,3579,False,False,hamed81813,22,2,1
ÛŒØ§Ú©ÙˆØ²Ø§ÛŒ Ø®Ø³ØªÙ‡,682,972,False,False,akbaryakoza,0,,
...,82,3158,False,False,amirmohamad00002,22,0,0
"Ù†Ú¯ÛŒÙ†â¤ğŸ’«â¤
Ø¹Ø§Ø´Ù‚â¤ğŸ’«â¤
Ú¯Ø±Ø§ÙÛŒÚ©
â¤ğŸ’«ğŸ’–
In â¤ H
AhvazâœŒâœŒâœŒâœŒâœŒ",206,416,True,False,negin_bell,10,,
â€œmy life is what I'm fighting forâ€ğŸ˜âœ¨,439,851,True,False,girl.____.rain,0,,
,92,4180,False,False,rahesho,4,1,1
,115,4886,False,False,ahmadnadimi40,30,0,3
,115,4841,True,False,hosna._.nayery,0,,
ØªÙ†Ù‡Ø§ ÙˆÙ„ÛŒ Ù¾Ø±Ùˆ,69,545,False,False,melina132021,23,0,1
#Ú©ØªØ§Ø¨Ø®Ø§Ù†Ù‡ #Ú©Ø§ÙÛŒ_Ù†Øª #Ú©Ø§Ø±ÛŒØ§Ø¨ÛŒ #Ù…Ø¹Ø±ÙÛŒ_Ú©Ø³Ø¨_Ùˆ_Ú©Ø§Ø± #Ù†ÛŒØ§Ø²Ù…Ù†Ø¯ÛŒÙ‡Ø§ #Ø¨Ø§Ø²Ø§Ø±Ø´Ù‡Ø±Ú©Ø±Ø¯ #Ø´Ù‡Ø±Ú©Ø±Ø¯  #shahrekord,354,968,False,False,shahrekordbazaar,5,1,25
,1225,2490,False,False,mahdi.hidari1385,1,1,12
,220,7459,False,False,mr.food.72,23,0,1
,66,5911,True,False,shamim_nazari1377,22,,
,56,760,False,False,marrym321,4,0,1
,95,6068,False,False,amir8275_3,4,0,4
,65,3248,False,False,13vahnomlk,22,0,1
"Ù‡Ø± Ú†Ù‡ Ù¾Ø± Ø¨Ø§Ø±ØªØ± Ø®Ù…ÛŒØ¯Ù‡ ØªØ± ...
Ù…Ù‡Ù†Ø¯Ø³ÛŒ Ù…Ú©Ø§Ù†ÛŒÚ© 
Ù…Ù‡Ø± Ù…Ø§Ù‡ÛŒ",57,5840,True,False,moein.mahdvi,5,,
,69,953,False,False,amirr.r1370,4,0,0
,1027,637,False,False,teltelins,5,0,0
"Û© à¹‘Û©à¹‘ Û© dey _mahi_Û© à¹‘Û©à¹‘ Û©
âœ¿âœ¿âœ¿kermanshahâœ¿âœ¿âœ¿
A diamond boy
AğŸŒ·ğŸ’ğŸŒ·F",5804,5004,False,False,amirreza_almas9,3,93,1797
,1356,3406,False,False,abtin_pf,48,3,11
,82,4811,False,False,saharnaderfar2,24,0,3
"Perspolisi 6 atishe
Live in krj",26,510,True,False,misagh1860,27,,
,85,3163,False,False,asli_ii76,6,0,3
,67,3231,False,False,mmd14003,22,0,0
,255,1854,False,False,dar_ia1378,5,0,38
,78,6133,False,False,sayel68,5,0,4
,128,6017,False,False,l.l_.ehsan._l.l,12,0,2
Ø®Ø¯Ø§Ø¬ÙˆÙ†Ù… ÛŒØ§Ø¯Ù… Ø¨Ø¯Ù‡ ÛŒØ§Ø¯Ù… Ù†Ø±Ù‡ ÛŒØ§Ø¯Øª Ú©Ù†Ù…ğŸ™‚â¤,122,4718,True,False,roz__rajabi,22,,
,191,6825,False,False,bahar.sadegi.01,23,1,10
,64,1684,False,False,razye35133,4,1,2
ewmirrr,635,2712,False,False,ewmirrr.rrr,8,1,30
"Citi krjğŸ™
KhordasğŸ˜
Boks loveğŸ˜",91,3081,True,False,nonami87669,16,,
,129,7240,False,False,esaiiisi,22,0,0
,68,2000,True,False,hhhjkkchj,4,,
,71,713,False,False,football.9923,4,0,0
,68,4073,False,False,yprv014,25,0,2
,93,4813,True,False,badbaby8633,5,,
Rst_teh,144,6179,False,False,nikita10104,7,1,8
,55,979,False,False,ashkanmir1222,22,0,0
,52,1073,False,False,cinama.feke,17,0,0
"â€â€®m_argatsniyab â€¬â€â€ªâ™«: ğ‘ºğ‘¶ğ‘ºğŸ”—. 
â™«: 16: ğ’€.ğ‘¶ğŸ†. 
â™«: ğ‘°ğ‘¹ğ‘¨ğ‘¸ğŸ‡®ğŸ‡¶ğŸŒ¿.
 
- Ø¹ÙŠÙ†Ø§Ù‡Ø§ ØªÙ‚Ù†Ø¹ Ø§Ù„Ù…Ù„Ø­Ø¯ÙŠÙ† Ø¨Ø£Ù†Ù‘ Ø§Ù„Ù„Ù‡ Ù…ÙØ¨Ø¯Ø¹ .",94,4794,False,False,5x_77884,4,0,7
,99,5568,False,False,baz.3231,25,0,1
jui2021,65,3772,False,False,jui2021,5,0,1
,75,1110,False,False,kia_khafan001,4,0,0
,56,973,False,False,dadaaa7778,22,0,1
Jansbdbdifjbdidhdbcxh,91,579,False,False,mamad_0000000,22,0,2
"Msd
1998",75,1747,False,False,im_salehi70,22,1,3
"â€Ú©Ø§Ø´ ØªÙ‡ Ø§ÛŒÙ† Ù‡Ù…Ù‡ Ø¬ÙˆÙ† Ú©Ù†Ø¯Ù†Ø§Ù…ÙˆÙ† Ø®ÙˆØ´Ø¨Ø®ØªÛŒ Ø¨Ø§Ø´Ù‡Ø›
Ù†Ù‡ Ù…Ø±Ø¯Ù†!ğŸš¶ğŸ¿â€â™€ï¸",1088,2091,False,False,_.13820,0,,
"#Ú©Ù†Ú©ÙˆØ±_Ø¢Ø³Ø§Ù†_Ø§Ø³Øª
#Ù†Ù…ÙˆÙ†Ù‡_ØªØ¯Ø±ÛŒØ³
 Ø®Ø±ÛŒØ¯ Ø¨Ø³ØªÙ‡ Ù‡Ø§ÛŒ Ø¢Ù…ÙˆØ²Ø´ÛŒ
09126541637
ØªÙ…Ø§Ø³ Ø­Ø§ØµÙ„ Ù†Ù…Ø§ÛŒÛŒØ¯.
Ù¾ÛŒØ¬ÛŒ Ø¨Ø±Ø§ÛŒ Ù‡Ù…Ù‡ Ú©Ù†Ú©ÙˆØ±ÛŒ Ù‡Ø§Ùˆ Ù…Ø­ØµÙ„ Ù‡Ø§ÛŒ Ø§ÛŒØ±Ø§Ù†ğŸ‘‡
@alinoorifard_official",484,2456,False,False,ali_nourifard,11,2,18
,337,4301,False,False,hosin.399,4,0,7
,103,3885,False,False,maryam_no0191,0,,
,76,3360,False,False,salam_alii1,22,0,0
,91,2351,False,False,hasani.e00,6,0,0
,9,440,False,False,nima.sbb78,0,,
,143,5830,False,False,ghatipati283,20,0,5
Soli,65,2537,False,False,hamedosivand,22,0,0
â™•Ú©Ø§Ø´ ØªÙˆ ØªÙ‚Ø¤Ø¦Ù… Ø±ÙˆØ² Ù†Ø§Ù…Ø±Ø¯ Ø¯Ø§Ø´ØªÛŒÙ…â™•âˆ† Ø¨Ù‡Ù” Ø¨Ø¹Ø¶ÛŒØ§ ØªØ¨Ø±ÛŒÚ© Ù…ÛŒÚ¯ÙØªÛŒÙ…â™•(m),410,1688,False,False,mohaddse50,5,0,8
,112,7369,False,False,8060mishaaa,24,0,3
,87,7054,False,False,armintnt123,0,,
,94,4884,False,False,roya.namii321,4,0,1
,55,3172,False,False,farhad.1w,12,0,0
â¤Ø¨Ø§ ØªÙˆ Ù…Ù† ØªÙ…Ø§Ù… Ù…Ø´Ú©Ù„Ø§ØªÙ… Ø±Ø§ ÙØ±Ø§Ù…ÙˆØ´ Ù…ÛŒ Ú©Ù†Ù…. Ø¨Ø§ ØªÙˆ Ø²Ù…Ø§Ù† Ù…ÛŒ Ø§ÛŒØ³ØªØ¯â¤â¤,1947,4823,False,False,s.aynaz_96,9,0,8
"Ù‡Ù… Ø¢ÙˆØ§ Ø¨Ø§ Ù…ÙˆØ³ÛŒÙ‚ÛŒ Ø³Ù†ØªÛŒ 
Ù…Ø¬Ø±ÛŒ Ù¾Ø±ÙˆÚ˜Ù‡ Ù‡Ø§ÛŒ Ø±Ø§Ù‡Ø³Ø§Ø²ÛŒ ØŒ 
Ø§Ø¬Ø±Ø§ÛŒ Ø¨ØªÙ† ØºÙ„Ø·Ú©ÛŒ Ùˆ Ø§Ù†ÙˆØ§Ø¹ Ø¢Ø³ÙØ§Ù„Øª Ù…Ø¹Ù…ÙˆÙ„ÛŒ ØŒ  Ù†ÙˆØ§ Ú†ÛŒÙ¾ ØŒ  Ù†Ø§Ù†Ùˆ ØŒ  Ù¾Ù„ÛŒÙ…Ø±ÛŒ ØŒ ÙØ§Ú¯ Ø³ÛŒÙ„ ØŒ Ú†ÛŒÙ¾ Ø³ÛŒÙ„",2194,4346,False,False,hasan.asadzadeh110,42,111,404
,48,2951,True,False,ponehsha1370,11,,
I'm alone,101,5341,True,False,fatemeh_khanom_b,4,,
,120,7281,False,False,12sim90,22,0,8
"00:00:01""EGYPTğŸŒµ
________
FUCK YOUR OPINIONğŸ’€ğŸš¬
_______________
...ğŸ”“ğŸ’”âœ‹
âš {{ğŸ”Ø§Ù„ÙØ´ÙŠÙŠÙŠØ® ÙƒÙˆÙˆÙˆÙˆÙ…ÙŠØ¯ÙŠğŸ”}}ğŸ‘ŒğŸ˜‚ğŸ˜‚
https://www.facebook.com/mahmoud.capo.39794",20542,7482,False,False,__mody__,132,0,5
,83,5850,False,False,alitezazuuuu,4,0,1
,355,2533,False,False,59kosar,4,0,22
,62,937,False,False,sara679175,22,8,1
"Ø¯ÙØ®ØªÙØ±ÙÚ©Ù Ø¯ÛŒÙˆÙˆÙ†ÙÙ‡ğŸ’…ğŸ«ğŸ§¸ğŸ‘ ğŸ’„ğŸ’
TehranğŸ—¼
MuzikğŸ¶
@amirmaghare_officialğŸµ",175,7362,False,False,__zahra__v__20,4,0,22
,87,4892,False,False,mera.jmoradi1541,25,0,1
,148,7450,False,False,smsm13561356,6,0,3
,110,4896,False,False,rezabatrsaz,4,0,2
"Ø¢Ø±ÙˆÙ†Ø¯(Ø¨Ù‡ Ù…Ø¹Ù†ÛŒ Ø¨Ø§Ø´Ú©ÙˆÙ‡)
***** ÙØ±ÙˆØ´Ú¯Ø§Ù‡ Ù¾Ø§Ø±Ú†Ù‡ Ù…Ø¨Ù„ÛŒ Ùˆ Ù¾Ø±Ø¯Ù‡ Ø§ÛŒ ***** 
\Ø¨Ø§Ø²Ø§Ø± Ù…Ø¨Ù„ ÛŒØ§ÙØª Ø¢Ø¨Ø§Ø¯/
\Û°Û¹Û²Û°Û±Û²Û³Û±Û¸Û´Û±/
\Ø¹Ø¶Ùˆ Ø§ØªØ­Ø§Ø¯ÛŒÙ‡ Ø¯Ø±ÙˆØ¯Ú¯Ø±Ø§Ù† Ùˆ Ù…Ø¨Ù„Ø³Ø§Ø²Ø§Ù† ØªÙ‡Ø±Ø§Ù†/",571,2411,False,False,arvand.stores,53,0,23
,119,2244,False,False,shr.op3,10,0,0
"Live in esfahan ğŸ ğŸ 
I love ğŸ•ğŸ•
 perspolis â¤â¤
playing Ú©Ù„Ø§Ú† ğŸ˜ğŸ˜",203,368,False,False,ali._.pvpage1386,0,,
,125,7440,False,False,mina.209090,10,0,1
,55,469,False,False,najgdf.dsfgc,4,0,1
"Ù…ÙÙ‡ÙÙ… Ù†ÛŒØ³ Ù¾ÙØ´Øª Ø³ÙØ±Ù…ÙˆÙ† Ú†ÛŒ Ù…ÛŒÚ¯Ù† Ù…ÙÙ‡Ù… Ø§ÛŒÙ†Ù Ú© ØªÙˆ Ø±ÙˆÙ…ÙˆÙ† Ø¬ÙØ±Ø¹Øª Ù†ÙØ¯Ø§Ø±ÙÙ† Ø­Ø±Ù Ø¨Ø²Ù†Ù†ğŸ‘ŒğŸ¿âœ‹ğŸ»
ï¼³ï¼¯ï¼­ï¼¥ï¼´ï¼©ï¼­ï¼¥ï¼³ ï¼´ï¼¨ï¼¥ ï¼¢ï¼¥ï¼³ï¼´ ï¼²ï¼¥ï¼¶ï¼¥ï¼®ï¼§ï¼¥ ï¼©ï¼³ ï¼´ï¼¯ ï¼³ï¼­ï¼©ï¼¬ï¼¥ ï¼¡ï¼®ï¼¤ ï¼­ï¼¯ï¼¶Ãˆ Ã˜Ã‘âšœâ¤ğŸŒˆğŸŒ™",1402,2900,False,False,moh_amad8705,3,11,463
,69,2186,False,False,yastuunes_,4,0,2
,67,5241,False,False,75m1000,0,,
,55,472,False,False,draftsman.tohidkhune,5,0,1
,117,2266,False,False,monasadeghi7677,22,0,1
,94,5695,False,False,an3333ti,4,0,0
,9,1132,False,False,mooshak.mooshak,1,0,0
"ğŸ¡fars kazeroon shahsaltaneh
ğŸŒœfarvardinğŸŒ›mahiğŸŒ™",1313,4159,True,False,mehdi._.gh._.00,1,,
,55,1820,False,False,daryosh9960,4,0,2
,79,5256,False,False,frosh39110,30,0,0
@ali.m787918,83,1590,False,False,alimo1751,29,0,0
,155,1614,True,False,samira.samira5050,22,,
,53,645,True,False,zahrapashayi77,23,,
,311,1814,False,False,ali_ali_reza7,0,,
"Mese darya bashinğŸŒŠğŸŒ€
RashtğŸ¦‹ğŸ¬",75,767,True,False,naeme_fdaii,4,,
,120,5111,False,False,nadianina_8,6,0,8
lop.o9,105,6390,False,False,akiop87,10,0,4
,132,5569,False,False,tyu61615,23,1,15
,81,4804,False,False,bahadori9072,22,0,0
,71,1507,False,False,arezu_0099,22,0,1
,79,600,False,False,shadloohesam9090,26,0,2
,99,3804,False,False,bahar.sadegi.03,23,0,5
Ø­Ø³Ø§Ø¨ Ù„Ù„ØªÙØ§Ø¹Ù„,58,303,False,False,loq__o190,3,0,0
Alone,422,662,False,False,alone.turk_oglan,1,11,79
,78,1027,False,False,yahya06jh,10,0,0
,58,467,False,False,eshaqjohri,23,0,0
,161,7301,False,False,3hrbf.f,4,0,12
,82,1183,False,False,zahraaslani43,5,0,2
,94,5756,False,False,zmsoheyl,22,0,6
,133,7059,False,False,tataloo.momo,4,0,1
,50,4647,True,False,maria.saberii7,23,,
Jojoba,24,4198,False,False,susaneblikk,4,0,0
,154,7127,False,False,chiko4357,5,0,3
,68,3869,False,False,h__mm3060,4,0,1
,56,923,False,False,mohamad90641,10,0,1
,60,2954,True,False,p__7_7_,16,,
"â€â€®m_argatsniyab â€¬â€â€ªâ™«: ğ‘ºğ‘¶ğ‘ºğŸ”—. 
â™«: 16: ğ’€.ğ‘¶ğŸ†. 
â™«: ğ‘°ğ‘¹ğ‘¨ğ‘¸ğŸ‡®ğŸ‡¶ğŸŒ¿.
 
- Ø¹ÙŠÙ†Ø§Ù‡Ø§ ØªÙ‚Ù†Ø¹ Ø§Ù„Ù…Ù„Ø­Ø¯ÙŠÙ† Ø¨Ø£Ù†Ù‘ Ø§Ù„Ù„Ù‡ Ù…ÙØ¨Ø¯Ø¹ .â€â€®m_argatsniyab",97,4082,False,False,5x_77883,4,0,8
TbzğŸ¡,69,1663,False,False,ir989316,4,0,0
Ù…Ø§Ø¯Ù…Øª Ø¹ Ù‚ÙŠØ¯ Ø§Ù„Ø±Ø³Ù… ÙÙ€ Ø£Ù†Ø§ Ø¹ Ù‚ÙŠØ¯ Ø§Ù„Ø­ÙŠØ§Ø©âœ¨ğŸ’›.,3518,2523,False,False,_lli9k,9,0,178
"Ù…Ø´Ø§ÙˆØ± Ø²ÙŠØ¨Ø§ÙŠÙŠ ( Ù¾ÙˆØ³Øª Ù…Ùˆ Ù†Ø§Ø®Ù† ) 
Ù…Ø­ØµÙˆÙ„Ø§Øª ØªØ®ØµØµÙŠ Ø§Ø±Ø§ÙŠØ´ÙŠ Ø¨Ù‡Ø¯Ø§Ø´ØªÙŠ Ùˆ Ø³Ù„Ø§Ù…ØªÙŠ
Ø§Ù…ÙƒØ§Ù† Ø§Ø±Ø³Ø§Ù„ Ø¨Ù‡ Ø³Ø±Ø§Ø³Ø± ÙƒØ´ÙˆØ±
Ø¬Ù‡Øª Ø§Ø·Ù„Ø§Ø¹ Ø§Ø² Ù‚ÙŠÙ…Øª ğŸ‘ˆØ¯Ø§ÙŠØ±ÙƒØª",1150,6911,False,False,beauty_hamedan,241,0,11
,56,1063,False,False,alilove1510,4,0,2
,56,933,False,False,alipoco200,5,0,0
"Ø§Ø±Ø¯ÛŒØ¨Ù‡Ø´Øª
1375
Ù¾Ù„Ø§Ú©5
Ù…Ø·Ø§Ù„Ø¹Ù‡
ØªÙ†ÛŒØ³
Ø¯ÙˆÚ†Ø±Ø®Ù‡ Ø³ÙˆØ§Ø±ÛŒ",50,710,False,False,hale1375_,23,0,0
https://youtu.be/h5qcriHuUrc,97,6866,False,False,ali7.8015,10,0,1
"âœ¨ğŸŒ¥ğŸ˜ğŸŒ™ 
 Ø·Ù #Ù…Ø§Ù‡ Ù…ÙÙ† Ø´Ùˆ Ù…ÙÙ† Ø¨ÙØ± Ø®ÙÙ„Ø§Ù Ø²ÙÙ…ÛŒÙ† Ø¯ÙÙˆØ±Øª Ù…ÛŒÚ¯Ø±Ø¯ÙÙ…  
  ğŸŒ™ğŸ˜âœ¨ğŸŒ¥",43,2383,False,False,mhr._.daad,4,4,119
âœŒâœŒ,52,1423,False,False,fflw822,4,0,1
"â€â€®m_argatsniyab â€¬â€â€ªâ™«: ğ‘ºğ‘¶ğ‘ºğŸ”—. 
â™«: 16: ğ’€.ğ‘¶ğŸ†. 
â™«: ğ‘°ğ‘¹ğ‘¨ğ‘¸ğŸ‡®ğŸ‡¶ğŸŒ¿.
 
- Ø¹ÙŠÙ†Ø§Ù‡Ø§ ØªÙ‚Ù†Ø¹ Ø§Ù„Ù…Ù„Ø­Ø¯ÙŠÙ† Ø¨Ø£Ù†Ù‘ Ø§Ù„Ù„Ù‡ Ù…ÙØ¨Ø¯Ø¹ .",77,2793,False,False,5x_77886,4,0,4
,55,391,False,False,asak778,24,0,0
No body dies vagine in the end life fucksğŸ†ğŸ†ğŸ† us all,2244,6059,False,False,stoppa_l,4,0,14
,76,7181,False,False,reza14_43,22,1,5
,100,3489,False,False,ali_49201,22,0,0
,103,481,False,False,mitra_____780,22,0,0
,133,4619,False,False,athena.____.a,4,4,40
,78,1940,False,False,rasad4639,23,0,1
,245,7284,False,False,aaaa67647,22,0,10
,102,3748,False,False,saman311311,23,0,3
,486,903,False,False,tatalbein,46,0,0
,89,7163,False,False,reza13_43,22,0,2
,61,305,False,False,hjjriri,13,0,0
,111,4385,False,False,farhad.ahmadiiii125,4,0,2
,90,1409,False,False,farhad.ahmadiiii121,4,0,0
,73,2053,True,False,boomb85852,24,,
,60,248,False,False,amir17890g,5,0,0
,1184,2387,False,False,abtin_xx19,12,0,3
,188,7433,False,False,hamed123859,5,0,1
,61,1464,False,False,ali_akbari995,5,0,1
,94,6071,False,False,mr.seda.71,23,0,4
QueenğŸ‘¸â™¥ï¸,47,3511,True,False,nazanin_prv99,4,,
"GymğŸ’ª
ğŸ turkey
Born: iran
pv",76,2824,True,False,kamii__mirzaeii,4,,
Ù¾ÛŒØ¬ Ù‚Ø¨Ù„ÛŒÙ… Ù‡Ú© Ø´Ø¯Ù‡,129,2852,False,False,meli.sx11,10,0,15
Ø§Ø´Ù¾Ø²Ø®Ø§Ù†Ù‡ Ùˆ Ø±Ø³ØªÙˆØ±Ø§Ù† Ø§ØµÙŠÙ„  Ø®ÙˆØ²Ø³ØªØ§Ù† Ø§Ù‡ÙˆØ§Ø²  Ø¨Ø§ Ù…Ø¯ÙŠØ±ÙŠØª ÙƒØ§Ø¸Ù… Ø­ÙŠØ¯Ø±Ù‰       Ø§Ù…Ø§Ø¯Ù‡ Ù¾Ø°ÙŠØ±Ø´ ÙƒÙ„ÙŠÙ‡ Ø³ÙØ§Ø±Ø´Ø§Øª Ø¹Ø±ÙˆØ³Ù‰  Ø¹Ù‚Ø¯ Ùˆ Ù…Ø±Ø§Ø³Ù… Ø¹Ø²Ø§Ø¯Ø§Ø±Ù‰                  09397136555,216,3757,False,False,khzmlhydr,13,0,42
,112,2365,False,False,alimmdi76,4,0,0
Ù‡Ù…ÛŒØ´Ù‡ Ù…Ø«Ù„ Ø´ÛŒØ´Ù‡ Ø¨Ø§Ø´ Ú©Ù‡ Ø§Ú¯Ø± Ø´Ú©ÙˆÙ†Ø¯Ù†Øª Ø¯Ø³Øªâ€ŒÙ‡Ø§Ø´Ùˆ Ø¨Ø¨Ø±ÛŒğŸ’¯ğŸ’¯,2148,1691,False,False,oktay_nickjahan,20,6,40
"ğŸ‘–Ù¾ÛŒØ¬ Ø´Ù„ÙˆØ§Ø±
@jean.aryana
Ú©Ø§Ù†Ø§Ù„ ØªÙ„Ú¯Ø±Ø§Ù… : â¬‡ï¸",3646,4281,False,False,shoes_aryana,49,1,17
,93,4548,False,False,farhad.ahmadiiii122,4,0,0
,59,652,False,False,sanazsare9,22,0,0
"I'm transgender
Ø¨Ù†Ø§Ù… Ø®Ø§Ù„Ù‚ Ù‡Ø³ØªÛŒ 
Ú©Ù‡ ØªØ±Ù†Ø³Ø§Ø±Ùˆ Ø¨Ù„Ø§ØªÚ©Ù„ÛŒÙ Ø¢ÙØ±ÛŒØ¯ 
(ØªØ§Ø¨Ø¹ Ù‚ÙˆØ§Ù†ÛŒÙ† Ø¬Ù…Ø¹ÙˆØ±ÛŒ Ø§Ø³Ù„Ø§Ù…ÛŒ)
Ù¾ÛŒØ¬ Ø¨Ú†Ù‡Ø§ÛŒ Ø¬Ù†Ø³ Ø¨Ø±ØªØ± 
Ù…Ø§Ø±Ùˆ Ø¯Ù†Ø¨Ø§Ù„ Ú©Ù†ÛŒØ¯",270,3417,False,False,roy_a666,6,12,38
"ØµÙØ­Ù‡ Ø³Ø§Ú©Ù†ÛŒÙ† Ùˆ Ø¯ÙˆØ³Øª Ø¯Ø§Ø±Ø§Ù† Ù…Ø­Ù„Ù‡ Ù‚Ø¯ÛŒÙ…ÛŒ Ù†Ø§Ø±Ù…Ú©
Ø§Ø®Ø¨Ø§Ø± Ùˆ Ø±ÙˆÛŒØ¯Ø§Ø¯Ù‡Ø§ÛŒ Ù…Ø­Ù„Ù‡ Ù†Ø§Ø±Ù…Ú© Ø±Ø§ Ø¯Ø± Ù†Ø§Ø±Ù…Ú© Ù…Ø§ Ù¾ÛŒÚ¯ÛŒØ±ÛŒ Ú©Ù†ÛŒØ¯ ğŸ˜Š
Ø³ÙˆÚ˜Ù‡ Ù‡Ø§ÛŒ Ø®ÙˆØ¯ Ø±Ø§ Ø¨Ø§ Ù…Ø§ Ø¨Ù‡ Ø§Ø´ØªØ±Ø§Ú© Ø¨Ú¯Ø°Ø§Ø±ÛŒØ¯
#Ù†Ø§Ø±Ù…Ú©",135,557,False,False,narmak_ma,9,0,5
"Ú˜Ù† Ø®ÙˆØ¨ğŸ˜Š
ZanganğŸ¡
BahmanğŸŒ™
EQUESTRIANğŸ
Animal sponserğŸğŸˆâ€â¬›
Tatality",1731,3193,False,False,_amir._yekta_,1,22,7
,157,4644,False,False,alialipor201,22,0,3
,225,2465,False,False,aliro_kham,4,0,3
"ğŸ’†
Ù…Ø´Ø§ÙˆØ± Ù¾ÙˆØ³Øª Ùˆ Ù…Ùˆ",590,1718,False,False,tuss.beauty,0,,
,107,4357,False,False,jahni111,8,0,1
"Ù†Ù‡ ÛŒØ§Ù…Ø§Ù† Ú¯ÙˆÙ†Ù„Ø±Ù‡ ÛŒÙˆØ±Ù‚ÙˆÙ† Ø¬Ø§Ù†ÛŒÙ…ÛŒ Ø³Ø§Ù„Ø¯ÛŒ ÙÙ„Ú©...ğŸ‚ğŸ
#Ø³Ø±Ø¨Ø§Ø²ÛŒ_Ø§Ø¬Ø¨Ø§Ø±ÛŒ",1172,881,False,False,aydin.betyar4706,0,,
Ù‡Ù†Ø± Ú©Ù„ÛŒØ¯ ÙÙ‡Ù… Ø²Ù†Ø¯Ú¯ÛŒØ³Øª,163,738,False,False,mohammad.alavinejad,11,5,7
ğŸ˜ğŸ€. _ .,159,6686,False,False,ewlia_,5,0,0
,178,7502,False,False,sorosh.40018,23,0,8
,159,7241,False,False,alizarezaei34,10,0,1
,124,7443,False,False,wewe8485,22,0,2
,3279,1867,False,False,ari_mohamadpor,10,0,12
,74,1828,False,False,miro.nj8,5,0,0
,129,4895,False,False,samane_271690,6,1,16
,97,7337,False,False,toma56125612,8,0,4
"â€â€®m_argatsniyab â€¬â€â€ªâ™«: ğ‘ºğ‘¶ğ‘ºğŸ”—. 
â™«: 16: ğ’€.ğ‘¶ğŸ†. 
â™«: ğ‘°ğ‘¹ğ‘¨ğ‘¸ğŸ‡®ğŸ‡¶ğŸŒ¿.
 
- Ø¹ÙŠÙ†Ø§Ù‡Ø§ ØªÙ‚Ù†Ø¹ Ø§Ù„Ù…Ù„Ø­Ø¯ÙŠÙ† Ø¨Ø£Ù†Ù‘ Ø§Ù„Ù„Ù‡ Ù…ÙØ¨Ø¯Ø¹ .",76,4164,False,False,5x_77882,4,0,7
,100,1947,True,False,salar.ahmadi78,22,,
"Pubg Mobile
TEAM_23BLAKCE
#Game play 
#scrim 
#tornoment
ğŸ‡¦ğŸ‡«ğŸ‡®ğŸ‡·",122,2155,False,False,23black_pubge,0,,
mitra ya hasan âœ‹,72,1350,False,False,tazia_neh2,4,0,1
"Ø¨Ø§ Ù‚Ù„Ø¨ÛŒ Ú©Ù‡ Ø³Ù…Øª Ú†Ù¾Ù‡ .Ù†Ù…ÛŒØ´Ù‡ Ø±Ø§Ù‡ Ø±Ø§Ø³Øª Ø±ÙØª...
ğŸ’™LIVE IN MESHGIN ALNIğŸ¡
ğŸ’™FOOTBALL ğŸ’™
ğŸ’™Cr7ğŸ’™
ğŸ’™TAJğŸ–ğŸ–ğŸ’™
ğŸ’™FOLLOW=FOLLOW ğŸ’™
ğŸ’™LIKE=LIKEğŸ’™
ğŸ’™COMMENT=COMMENTğŸ’™
â™£ï¸singleâ™£ï¸",1697,829,False,False,jenab_mohammadreza,7,209,55
,78,3176,False,False,mama.m1980,23,0,0
,49,475,False,False,vvvv77770987,5,0,3
,2395,1924,False,False,modd1204,0,,
,2052,5064,False,False,be_hnam7444,6,12,183
"â€â€®m_argatsniyab â€¬â€â€ªâ™«: ğ‘ºğ‘¶ğ‘ºğŸ”—. 
â™«: 16: ğ’€.ğ‘¶ğŸ†. 
â™«: ğ‘°ğ‘¹ğ‘¨ğ‘¸ğŸ‡®ğŸ‡¶ğŸŒ¿.
 
- Ø¹ÙŠÙ†Ø§Ù‡Ø§ ØªÙ‚Ù†Ø¹ Ø§Ù„Ù…Ù„Ø­Ø¯ÙŠÙ† Ø¨Ø£Ù†Ù‘ Ø§Ù„Ù„Ù‡ Ù…ÙØ¨Ø¯Ø¹ .",77,3836,False,False,5x_77881,4,0,6
Ø²Ù†Ø¯Ú¯ÛŒ Ø²ÛŒØ¨Ø§Ø³Øª Ø§Ú¯Ù‡ Ù…Ù‡Ø±Ø¨ÙˆÙ† ØªØ± Ø¨Ø§Ø´ÛŒÙ…â˜ºï¸ğŸ¥°â¤ï¸ğŸ”¥,168,5161,True,False,niraroya,22,,
,74,1636,False,False,samaneh33245,21,0,9
"New page
Hmd
Fitnes
Ordibeheshti",64,3852,True,False,mariiijjjooon,5,,
"Ú©Ø±Ø§ØªÛŒÙ† âœ‹
Ø¨ÙˆØªØ§Ú©Ø³ ğŸ’•
Ù¾Ù„Ú©Ø³ÛŒğŸŒŸ 
Ø§Ø±Ú¯Ø§Ù† ØªØ±Ø§Ù¾ÛŒ 
Ú©Ù„Ø§Ú˜Ù† ØªØ±Ø§Ù¾ÛŒ ğŸ˜
Ù¾Ø±ÙˆØªØ¦ÛŒÙ† ØªØ±Ø§Ù¾ÛŒ 
Ø§Ø­ÛŒØ§ Ùˆ ØµØ§ÙÛŒ Ø§Ù†ÙˆØ§Ø¹ Ù…ÙˆÙ‡Ø§ Ø¨Ø§ Ø¨Ù‡ØªØ±ÛŒÙ† Ù…ÙˆØ§Ø¯ Ùˆ Ø¨Ø§Ù„Ø§ØªØ±ÛŒÙ† Ù…Ø§Ù†Ø¯Ú¯Ø§Ø±ÛŒ ğŸ‘‘
#rasht_gilan",172,240,False,False,adis_beauti,6,3,10
,69,1635,False,False,bitaw773,4,0,2
Man ye khoshgelamğŸ’œ,93,6026,False,False,aidin_99999,12,0,6
,75,1294,False,False,okazchoob1,10,0,0
"â€¢Ù†Ù…Ø§ÛŒÙ†Ø¯Ú¯ÛŒ ØªØ±Ú©ÛŒÙ‡ØŒÚ¯Ø±Ø¬Ø³ØªØ§Ù† Ø¯Ø±Ø§Ù„Ø¨Ø±Ø²
â€¢Ø®Ø±ÛŒØ¯ØŒÙØ±ÙˆØ´ØŒØ±Ù‡Ù†ØŒØ§Ø¬Ø§Ø±Ù‡
â€¢Ù…Ø´Ø®ØµØ§Øª Ù…Ù„Ú© Ø®ÙˆØ¯Ø±Ø§ Ø§Ø²Ø·Ø±ÛŒÙ‚ Ø¯Ø§ÛŒØ±Ú©Øª ÛŒØ§ ÙˆØ§ØªØ³Ø§Ù¾ Ø§Ø±Ø³Ø§Ù„ Ø¨ÙØ±Ù…Ø§ÛŒÛŒØ¯ 
#Ù‡ÙˆÙ…_Ù„Ù†Ø¯_Ú¯Ù„Ø´Ù‡Ø±
0912 86 115 86",11213,735,False,False,homeland_golshahr,118,0,46
,100,5931,False,False,tatalpary,4,0,1
Hhhh,115,7308,False,False,oppppop2,4,0,2
Ø®ÛŒÙ„ÛŒ Ø²ÙˆØ¯ ØŒ Ø¯ÛŒØ± Ø´Ø¯ ØŒØŒØŒØŒØŒØŒØŒ,160,2590,False,False,kambiiz_56,19,8,34
,162,5107,False,False,behnam901,4,1,4
,63,1832,False,False,maryam_asllamii,11,0,0
,62,4820,True,False,tik_tok_d_nm_,5,,
,117,4362,False,False,farhad.ahmadiiii120,4,0,2
,70,2662,False,False,igjv87,10,0,0
,62,904,False,False,pp.xt321,23,0,0
,78,5089,False,False,sefiane50,4,0,1
,84,4231,False,False,naser_joon2,4,0,2
,69,2417,False,False,yasin.e00,5,0,1
,75,2431,False,False,six._.time,5,0,4
,50,3762,True,False,parvintavanaa,22,,
,48,885,False,False,yaldim151,5,0,1
,67,1509,False,False,abc.mamee5,25,0,1
"AydağŸ˜Š
15ğŸ˜‹
MaghrorğŸ˜’
SingeleğŸ™ƒ
MehrabğŸ˜",237,3838,True,False,1384.ayda.1384,4,,
,97,4921,False,False,mama_d1155,22,0,2
,95,2924,False,False,hamed.tabrizi.fan.page,10,0,1
,1,234,False,False,gosghi.2199,0,,
,84,705,False,False,inix34,29,0,0
,70,1858,False,False,sarzaminariyaei,25,0,0
Tina is the greatest Mina!,164,3015,False,False,tina.mina0,10,0,2
,95,940,False,False,mona.babr,4,0,14
,84,3157,False,False,qaditrr,4,0,2
,99,5277,False,False,sadrn51742020,6,0,10
,122,6679,False,False,arm_an7731,4,0,7
"ğŸ˜ŠÙ‡Ù…ÛŒØ´Ù‡ Ø¨Ø®Ù†Ø¯ Ø­ØªÛŒ Ø§Ú¯Ù‡ ØºÙ… Ø¯Ø§Ø±ÛŒğŸ™‚
Ù¾ÛŒØ¬ Ø±Ø³Ù…ÛŒ Ø¯Ø§Ø´ Ø¹Ù„ÛŒ ğŸ‘ˆ
ğŸ‘‰ğŸ‘‰ğŸ‘‰ğŸ‘‰ğŸ‘‰ğŸ‘‰ğŸ‘‰@dashaliactor ğŸ‘ˆğŸ‘ˆğŸ‘ˆğŸ‘ˆğŸ‘ˆğŸ‘ˆ",214,7372,True,False,dashali___joker,6,,
,73,5313,False,False,taha00755,24,0,2
"Ùˆ ÛŒÙÚ© Ù†ÙÙØ± Ø¯Ø± Ø§ÛŒÙ†Ø¬Ø§ Ø¨ÙØ±Ø§ÛŒ ""Ù†ÙÙÙ€Ù€Ù€Ù€Ù€Ø³"" Ú©ÙØ´ÛŒØ¯ÙÙ† ""ØªÙÙ€Ù€Ù€Ù€Ù€Ùˆ"" Ø±Ø§ Ø¨ÙÙ‡Ø§Ù†ÙÙ‡ Ù…ÛŒ Ú©ÙÙ†Ø¯.",58,1084,False,False,shahab.rade,22,0,1
,77,429,True,False,gangestr1,4,,
https://abalbaloo.ir/quiz/5126591,840,2726,False,False,amirmahdiyousefzadegan_,63,0,26
,60,1154,False,False,esi13830,4,0,1
,53,872,False,False,meti084,4,0,0
,90,2908,False,False,goldanreza,10,0,2
Ú©ğŸ²ğŸ²ğŸ¹ğŸ¶ğŸ¨,201,6531,False,False,jiji_bofan,4,0,16
,101,1686,False,False,shabgard3061,4,0,0
,206,2824,False,False,sober2125,6,0,0
,94,7223,False,False,hussemvsh__,4,0,1
,28,2612,False,False,apple12w3,5,0,2
â€¹ ØªØ§ Ø®ÙØ¯Ø§ Ù‡Ø³Øª Ù¾Ø±ÛŒØ´Ø§Ù† Ù†Ø´ÙˆØ¯ Ø®Ø§Ø·Ø± Ù…Ù†!ğŸ•ŠğŸŒ¿ â€º,1521,1834,False,False,miss.zahra_heidari_mnb,1,0,138
,61,709,False,False,alakiebabie1,22,0,0
,200,6258,False,False,nazi.jan.payezi,7,0,2
,72,3067,False,False,nopo998,10,0,0
"Amol
ØªÙ…Ø§Ù… Ú©Ø§Ø±Ù‡Ø§ÛŒ Ú†ÙˆØ¨ÛŒ Ùˆ ÙÙ„Ø²ÛŒ Ù‚Ø§Ø¨Ù„ Ø³ÙØ§Ø±Ø´ Ù‡Ø³ØªÙ† Ø¯Ø± Ø³Ø§ÛŒØ²Ù‡Ø§ÛŒ Ø¯Ù„Ø®ÙˆØ§Ù‡ Ø´Ù…Ø§
Ú©Ù„ÛŒ Ø§ÛŒØ¯Ù‡ Ù‡Ø§ÛŒ Ø®ÙˆØ¨Ù… Ø¯Ø§Ø±Ù… Ø¨Ø±Ø§ØªÙˆÙ†",1490,2721,False,False,decoration_hoome2021,76,0,4
"Ù…Ù‡Ø³ØªÛŒ
1375
ØªÛŒØ± Ù…Ø§Ù‡ÛŒ
Ù…Ø·Ø§Ù„Ø¹Ù‡
Ø¯ÙˆÚ†Ø±Ø®Ù‡ Ø³ÙˆØ§Ø±ÛŒ
Ø´Ù†Ø§
ØªÙ†ÛŒØ³
Ø§Ø³Ø¨ Ø³ÙˆØ§Ø±ÛŒ",123,4978,False,False,mahasti1375_,23,0,10
,112,6957,False,False,jesi5303,4,0,1
,125,7479,False,False,amirijik4,9,0,3
,69,2277,False,False,ssss.ssss6971,4,0,0
,64,6400,False,False,20mashhad_r,17,0,4
,59,960,False,False,poorianv777,4,0,1
,98,4824,False,False,rohangiz443,22,0,9
,76,2156,False,False,farhad.ahmadii1000,4,0,0
MohsenğŸ˜,77,468,False,False,sanazz498,1,0,1
"deymahiğŸ‰ğŸˆğŸ
pvğŸ”
ÙˆØ¨Ù„Ø§Ú¯ Ø´Ø®ØµÛŒ",657,2674,True,False,heliya__.pv,32,,
,76,2572,False,False,alimohamadi4487,10,0,1
,149,3539,False,False,agayezifake68,10,0,2
turk,48,525,False,False,mary.amm7522,23,1,13
Tataliti,97,1867,False,False,tataloo4731,6,0,1
Fhuff,4,182,False,False,sadgh4817,1,0,1
,130,3319,False,False,haji10580,4,0,2
,146,2630,False,False,omidahmad12345,8,0,4
,1,114,False,False,mamaigoli.11,0,,
,104,6329,False,False,armaa_n1377,4,0,0
,93,4522,False,False,mostafaghodsi51,4,0,1
"âš½ï¸Fotbalâš½ï¸
ğŸ¤˜KurdğŸ¤˜
ğŸ‘‘KermanshahğŸ‘‘
Ø±ÙÛŒÙ‚ Ù…Ø±Ø¯ÙˆÙ†Ù‡ Ù…ÛŒØ®ÙˆØ§Ù…Øª
 @mohamad._.1230",88,6604,False,False,erfa.n4840,4,2,11
,55,4375,False,False,asadosivandf,22,0,4
,95,6315,False,False,sali.no12,4,0,3
,122,4645,False,False,e.h.s.a.n.b.j,25,0,1
,57,708,False,False,na1111hid,4,0,1
TehğŸŒ¹,111,6686,True,False,minooo__7990099,6,,
#Ø§Ù…Ø§Ù…_Ø²Ù…Ø§Ù†_Ø¹Ø¬,123,4020,False,False,zohor189,23,0,5
,68,1289,False,False,boomb85853,24,0,0
"New page
Falow=Falow
Shat=Shat",233,3027,False,False,nazila112288,4,0,92
,101,2745,False,False,kkll124500,4,0,4
"_________________________
Ù…Ø±Ø§ Ù…ÛŒâ€ŒØ¨ÛŒÙ†ÛŒ Ùˆ Ù‡Ø± Ø¯Ù… Ø²ÛŒØ§Ø¯Øª Ù…ÛŒâ€ŒÚ©Ù†ÛŒ Ø¯Ø±Ø¯Ù…
ØªÙˆ Ø±Ø§ Ù…ÛŒâ€ŒØ¨ÛŒÙ†Ù… Ùˆ Ù…ÛŒÙ„Ù… Ø²ÛŒØ§Ø¯Øª Ù…ÛŒØ´ÙˆØ¯ Ù‡Ø± Ø¯Ù…
_________________________
@rasool.abbasi.joochi",151,264,False,False,harfeh.hesaab,48,1,9
,93,5989,False,False,kimy_am,4,0,1
,50,2221,True,False,khanomgol.20,22,,
Jhh hfts hies jkjdr syuhc,9,599,False,False,mohammad_toorke,3,0,2
,87,1844,False,False,rezaali6377,4,0,0
"Amirreza Alizadeh
TÃ¼rkÃ§e neÄŸmeleri",50,661,True,False,amirrezaalizadehi,4,,
"ğŸ‘©â€áµáµ‰áµˆá¶¤á¶œáµƒË¡ Ë¢áµ—áµ˜áµˆáµ‰á¶°áµ—ğŸ‘©â€
áµ—áµ‰Ê°Ê³áµƒá¶°â€ğŸŒ‡
EÏ™á´œá´‡sá´›Ê€Éªá´€É´ğŸ
Ë¢áµ’áµáµ‰áµ—á¶¤áµáµ‰Ë¢ áµ—Ê°áµ‰ Ê³á¶¤áµÊ°áµ— áµ–áµƒáµ—Ê° á¶¤Ë¢ á¶°áµ’áµ— áµ—Ê°áµ‰ áµ‰áµƒË¢á¶¤áµ‰Ë¢áµ— áµ’á¶°áµ‰Ë‘",1089,4417,False,False,freshte._.ghasemi,11,0,231
"Pro Volleyball Player ğŸ‡®ğŸ‡·ğŸ
Mechanic EngineerğŸ”§",329,1239,True,False,erfan._fathali,2,,
,975,6079,True,False,mobina_plvj,9,,
"ØªÙ…Ø§Ù… Ù…Ù†Ø§Ø·Ù‚ ØªÙ‡Ø±Ø§Ù†
Ù†ØµØ¨ Ùˆ Ø±Ø§Ù‡ Ø§Ù†Ø¯Ø§Ø²ÛŒ Ø§Ù†ÙˆØ§Ø¹ Ù¾Ú©ÛŒØ¬.ØªØ¹Ù…ÛŒØ±Ø§Øª ØªØ®ØµØµÛŒ
Ø¯Ø§Ø±Ø§ÛŒ Ú¯ÙˆØ§Ù‡ÛŒ Ù†Ø§Ù…Ù‡ Ø¨ÛŒÙ† Ø§Ù„Ù…Ù„Ù„ÛŒ
0937 198 75 78
0930 211 27 29",1257,2429,False,False,packagekazemi,3,7,27
,116,6486,False,False,bahadori9041,22,0,3
Az kore dar mirm,93,4794,False,False,sol_ad6,4,1,3
"Ù„Ø§ ØªØºÙŠØ± Ù†ÙØ³Ùƒ Ø¨Ø³Ø¨Ø¨ Ø´Ø®Øµ ..
ÙˆÙ„Ø§ ØªÙ‚Ù„Ø¯ Ø§Ø­Ø¯ ..
ÙˆÙ„Ø§ ØªØªØ¨Ø¹ Ø§ÙŠ ÙƒÙ„Ø§Ù… ØªØ³Ù…Ø¹Ù‡ ..
ÙˆÙ„Ø§ ØªØ§Ø°ÙŠ Ù†ÙØ³Ùƒ Ø¨Ø³Ø¨Ø¨ Ø´Ø®Øµ ..",114,7324,False,False,0n_77881,4,1,4
,2719,5526,False,False,miladjhanshahlo,0,,
Love is like painting with the difference that you can erase a painting but not love...ğŸƒ,64,816,False,False,sadafsadafe1995,22,0,0
,56,1033,False,False,amirt.mb,11,0,0
,127,1409,False,False,itx_laila_,23,0,6
"ğŸ…Ú¯Ø§Ù„Ø±ÛŒ Ø®Ø±Ø§Ø²ÛŒØ§Ù†ğŸ…
âšœØ·Ù„Ø§ Ùˆ Ø¬ÙˆØ§Ù‡Ø±ÛŒ Ø®Ø±Ø§Ø²ÛŒØ§Ù†âšœ
ğŸ”…(Ø³Ø§Ø±ÛŒ.Ù…ÛŒØ¯Ø§Ù† Ø³Ø§Ø¹Øª.Ù¾Ø§Ø³Ø§Ú˜ ØªÙ†Ø¯ÛŒØ³.1)ğŸ”…
â˜ï¸ØªÙ„ÙÙ†=01133303998
ğŸ“²Ù…ÙˆØ¨Ø§ÛŒÙ„=09111519819
(â›¤Messajeâ›¤)",1520,487,False,False,kharazian_gallery,88,0,36
"ğŸ‡®ğŸ‡·ØªØ§Ø¨Ø¹ Ù‚ÙˆØ§Ù†ÛŒÙ† Ø¬Ù…Ù‡ÙˆØ±ÛŒ Ø§Ø³Ù„Ø§Ù…ÛŒ Ø§ÛŒØ±Ø§Ù†
Ù„Ø·ÙØ§ Ø§Ù†ØªÙ‚Ø§Ø¯ Ùˆ Ù†Ø¸Ø±ØªÙˆÙ†Ùˆ Ø¨Ø§ Ø§Ø­ØªØ±Ø§Ù… Ø¨ÛŒØ§Ù† Ú©Ù†ÛŒØ¯",85,2750,True,False,maryam_heidary021,4,,
,0,430,True,False,mitrataghizade003,0,,
,85,7074,False,False,shey.da607,22,0,5
"Ù„Ø§ ØªØºÙŠØ± Ù†ÙØ³Ùƒ Ø¨Ø³Ø¨Ø¨ Ø´Ø®Øµ ..
ÙˆÙ„Ø§ ØªÙ‚Ù„Ø¯ Ø§Ø­Ø¯ ..
ÙˆÙ„Ø§ ØªØªØ¨Ø¹ Ø§ÙŠ ÙƒÙ„Ø§Ù… ØªØ³Ù…Ø¹Ù‡ ..
ÙˆÙ„Ø§ ØªØ§Ø°ÙŠ Ù†ÙØ³Ùƒ Ø¨Ø³Ø¨Ø¨ Ø´Ø®Øµ ..",103,6174,False,False,0n_77886,4,0,9
"â›¹ï¸â€â™€ï¸â›¹ï¸â€â™€ï¸love basketballâ›¹ï¸â€â™€ï¸â›¹ï¸â€â™€ï¸
Music loveâ¤ğŸ¶
Live in teh,dct=bk",70,536,False,False,mhtb_joon71,10,0,0
,60,475,False,False,wwwee3ert,6,0,0
,93,1890,False,False,shr.op2,10,0,0
,64,1090,False,False,sanazsare92,22,0,1
"Ù…Ù…Ù†ÙˆÙ† Ø§Ø² Ø­Ø³Ù† ØµØ¨ÙˆØ±ÛŒ Ú©Ù‡ Ù¾ÛŒØ¬Ù… Ø±Ùˆ Ø¨Ø±Ú¯Ø±Ø¯ÙˆÙ†Ø¯
@hassan_saboorii",131,845,True,False,shakil2693,57,,
"@realshadmehr 
ğŸ  Tehran ğŸ 
ğŸ’No rel (singel)ğŸ’
ğŸŒMuzic: my world ğŸ§",105,7493,False,False,poiuyrad4,64,0,3
,81,1378,False,False,__tinaprv__,10,0,2
,59,474,False,False,tanha66631,4,2,2
,57,696,False,False,suzan_n00,4,0,1
,59,1854,False,False,iiammaede,22,0,2
,1913,1493,False,False,hakan_hedayati1,3,0,6
"Ù„Ø§ ØªØºÙŠØ± Ù†ÙØ³Ùƒ Ø¨Ø³Ø¨Ø¨ Ø´Ø®Øµ ..
ÙˆÙ„Ø§ ØªÙ‚Ù„Ø¯ Ø§Ø­Ø¯ ..
ÙˆÙ„Ø§ ØªØªØ¨Ø¹ Ø§ÙŠ ÙƒÙ„Ø§Ù… ØªØ³Ù…Ø¹Ù‡ ..
ÙˆÙ„Ø§ ØªØ§Ø°ÙŠ Ù†ÙØ³Ùƒ Ø¨Ø³Ø¨Ø¨ Ø´Ø®Øµ ..19/1",129,6946,False,False,0n_77885,4,1,8
,105,3611,False,False,fati.09227,8,0,1
"â € â €â €
â €â €â € â €â €
â € â €â €â €        â €- á—©GE  20Y.O
â€ â€""Ø±Ø¨ÙŠ Ù‚Ø¯ Ø¹Ø²Ù‘ Ø¹Ù„ÙŠØ§ Ø·Ù„Ø¨ÙŠ ÙˆÙ‡Ùˆ Ø¹Ù„ÙŠÙƒÙ Ù‡ÙŠÙ† ,ÙÙ€ Ø§Ù„Ù„Ù‡ÙÙ…Ù‘ Ø¥Ø³ØªØ¬Ø¨ ğŸ¤²ğŸ’œ""
â€
â €",100,7176,False,False,0n_77883,4,0,5
,66,2645,True,False,ba11940,4,,
,73,1195,False,False,sarafon93,22,0,0
,58,2925,False,False,ata.na2222,22,0,1
,762,850,True,False,behzad_k.m,3,,
,68,702,False,False,parmis32353,4,0,0
,66,3256,False,False,ali.ali.21216,5,0,2
Ù„Ù„ØªÙØ§Ø¹Ù„ Ø­Ø³Ø§Ø¨,64,561,False,False,raknrayfar,6,0,1
,107,3576,True,False,mina.898900,23,,
,56,755,False,False,aaaaaa272021,6,0,0
"#tataloo 
#iran
#queen",167,7458,False,False,mahsom458,4,1,13
,103,7212,False,False,sara_49201,22,0,3
"Seni seviyorum"" diyenin sevgisinden ÅŸÃ¼phe et,Ã§Ã¼nkÃ¼ aÅŸk sessiz ve sevgi dilsizdir",139,1509,False,False,salmaaa921,4,0,10
"ğŸš«Ø§Ø¬Ù†Ø§Ø³ Ø§Ø³ØªÙˆÚ© Ø¨Ø§ Ú©ÛŒÙÛŒØª Ø¨Ø§Ù„Ø§ Ø±Ø§ Ø§Ø² Ù…Ø§ Ø¨Ø®ÙˆØ§Ù‡ÛŒØ¯ğŸš«
âŒØ¬Ù‡Øª Ø§Ø·Ù„Ø§Ø¹Ø§Øª Ø¨Ø§ Ø§Ø¯Ù…ÛŒÙ† Ùˆ Ù‚ÛŒÙ…Øª Ø¨Ù‡ Ø¯Ø§ÛŒØ±Ú© Ù…Ø±Ø§Ø¬Ø¹Ù‡ Ú©Ù†ÛŒØ¯âŒ",1014,1094,False,False,orj_stook,1,0,4
,261,1068,False,False,crjuvee7,5,0,1
"From tehran
Live in babolsar
Mekanichal engneering UMZ
Ù…Ù…Ù†ÙˆÙ† Ø§Ø² Ø¢Ù‚Ø§ÛŒ ØµØ¨ÙˆØ±ÛŒ",691,683,False,False,mahdi_kh0076,18,2,107
,116,6265,False,False,mona139881,10,2,11
,56,1299,False,False,kara1.230,5,0,0
"#izeh 
Ø§ÙØ³ÙˆØ³ Ø² Ù…Ø±Ø¯Ø§Ù† Ù‚Ø¯ÙŠÙ…ÙŠ Ø®Ø¨Ø±ÙŠ Ù†ÙŠØ³Øª
Ø¯Ø± ÙƒÙˆÚ†Ù‡ Ù…Ø±Ø¯ÙŠ Ùˆ ÙˆÙØ§ Ø±Ù‡Ú¯Ø°Ø±ÙŠ Ù†ÙŠØ³Øª
Ø§Ø² Ø¯ÙˆØ³ØªÙŠ Ùˆ Ø¯ÙˆØ³Øª Ù¾Ø±Ø³ØªÙŠ Ø§Ø«Ø±ÙŠ Ù†ÙŠØ³Øª
Ø§ÙŠ Ø¯Ø§Ø¯ Ø¯Ú¯Ø± Ù„Ø§ØªÙŠ Ùˆ Ù„ÙˆØªÙŠ Ù‡Ù†Ø±ÙŠ Ù†ÙŠØ³Øª",1436,2317,False,False,mohamd._.1383,4,43,225
"Ø¯Ø®ØªØ± Ø®Ø§Øµ
Ø´ÛŒØ·ÙˆÙ† Ø¨Ù„Ø§
Ø¹Ø§Ø´Ù‚ Ù‡Ù†Ø±
Ù…ØºØ±ÙˆØ± Ø¨ÛŒ Ø¹ØµØ§Ø¨
Ù¾Ø§ÛŒÙ‡ Ø´Ø§Øª",1078,4964,False,False,miss._.maryam13,4,0,80
,91,4283,False,False,helen12jj,4,0,2
,80,1508,False,False,alex__gha,23,0,2
,45,1254,False,False,reza_jan_1381,7,0,0
"Ù…Ø´Ù‡Ø¯ Ù…Ù‚Ø¯Ø³ Ø®ÛŒØ§Ø¨Ø§Ù† Ø®Ø³Ø±ÙˆÛŒ 
Ù¾Ø§Ø³Ø§Ú˜ Ù„ÛŒØ¯ÙˆÙ…Ø§ Ø·Ø¨Ù‚Ù‡ _1 Ù¾Ù„Ø§Ú© 36.    Ø¬ÙˆØ§Ù‡Ø±ÛŒ Ø±ÙÛŒØ¹ÛŒ ÛŒØ²Ø¯
ğŸ“²09152165363Ø¬Ù‡Øª Ø«Ø¨Øª Ø³ÙØ§Ø±Ø´ Ø¯Ø± Ø®Ø¯Ù…Øª ÙØ§Ù„ÙˆØ± Ù‡Ø§ÛŒ Ø¹Ø²ÛŒØ²",539,2853,False,False,rafieeyazd__jewerly,249,0,41
"ÛŒÙ‡ Ø¨ÛŒÙˆØªÛŒ Ø´Ø§Ù¾ Ø®ÙˆØ´ Ø§ÙˆÙ…Ø¯ÛŒØ¯ğŸ›
Ø¨Ù‡ Ø¹Ù„Øª Ø­Ø°Ù ÙˆØ§Ø³Ø·Ù‡ Ù‡Ø§ Ø¨Ø§ Ø§Ø±Ø²Ø§Ù† ØªØ±ÛŒÙ† Ù‚ÛŒÙ…Øª",119,2567,False,False,beauti_shop20,9,0,1
,98,6337,False,False,misagh.srk.79,16,0,4
ğŸ‘‘ Persepolis ğŸ‘‘,11744,2774,False,False,_4r00k_,0,,
ğŸ™‡ğŸ˜ğŸ˜œğŸ˜œğŸ˜ğŸ˜œ,101,4490,False,False,mnnm8107,12,0,1
"ØªØ§Ø¨Ø¹ Ù‚ÙˆØ§Ù†ÛŒÙ† Ø¬Ù…Ù‡ÙˆØ±ÛŒ Ø§Ø³Ù„Ø§Ù…ÛŒ
ğŸƒ
Ø¨Ø±Ø§ÛŒ Ø³ÙØ§Ø±Ø´ Ø§ÙØ²Ø§ÛŒØ´ ÙØ§Ù„ÙˆØ± Ùˆ Ù„Ø§ÛŒÚ© Ùˆ Ø¯ÙˆÙ†Ø³ØªÙ† Ø±Ù…Ø² Ù…ÙˆÙÙ‚ÛŒØª Ù…Ø§ Ù†Øª ÙˆÙˆØ±Ú© Ù‡Ø§ Ø¯Ø§ÛŒØ±Ú©Øª Ø¨Ø¯ÛŒØ¯ğŸ˜ğŸ¤Ÿ
.
Ø®ÙˆØ´Ø­Ø§Ù„ Ù…ÛŒØ´Ù… Ø¢Ù†ÙØ§Ù„ÙˆÚ©Ù†ÛŒ",98,2357,False,False,sahar_z1138,24,0,2
"á´€É´Êá´É´á´‡ á´¡Êœá´ á´¡á´€É´á´›s á´›á´ É¢á´ á´€á´¡á´€ÊğŸ˜‰âœŒï¸ğŸ»
ï®«Ø±Úªï®° Øï®°Ø®Û…Ø¥Ø¯ Ø¨Ù€Ù€Ù€Ù€Ù€ÙØ±ï®«Ø›Ø¨Ù€Ù€Ù€Ù€Ù€ÙØ±ï®«ğŸ˜¸ğŸ¥€
à¹“×¥ Ñ’Ñ”à¸„Ğ³t à¹”à¹Ñ”à¸£à¸ 't à¸¬à¸„à¸ t à¹“Ñ” tà¹ Å¦là¹€Ğ³tğŸ¤·â€â™‚ï¸ğŸ‘‹ğŸ»
Ø¯Ù„Ù€Ø Ù†Ù€Øï®°Ø®Ø¥Ø¯ Ù€Úªï®« Ù†Ù€Ù€Ø¥Ø² Ø¨ÚªØ´Ù€Øâœ¨ğŸ˜¸",1687,2099,False,False,reza_sh__ri,0,,
".
19
.
gÑÎ±Æ’Î¹Ï„Î³
.
Ø¨Ù€Ø§Ù„Ù€Ø§Ø®Ù€ÙØ±Ù€Û ÚªÙ€ÙÙ… Ùˆ Ø²ÛŒÙ€Ø§Ø¯ Ù…Ù€Ù€Ø§ Ø§ÛŒÙ†Ù€ÛŒÙ€Ù…
Ø´Ù€ÙÙ…Ù€Ø§ Ù‡Ù€ÙÙ…ÛŒÙ†Ù€ÙÙ… Ù†ÛŒÙ€Ø³ØªÙ€Û’",118,3799,False,False,solmz._.zlf,10,0,25
,101,1869,False,False,ahmad123454410,23,0,1
"Ú©Ø§Ø±Ù‡Ø±Ú©Ø³ Ù†ÛŒØ³Øª Ù„Ø§Ø´ÛŒ Ø´Ø¯Ù†
Ø­Ø±ÙˆÙ…Ø²Ø§Ø¯Ú¯ÛŒ Ù…ÛŒØ®ÙˆØ§Ù‡Ø¯Ùˆ Ø²Ø§Øª Ù„Ø¬Ù†ğŸ˜‘ğŸ¤®",1765,1130,False,False,dokhi_khalili230,1,371,318
,46,233,False,False,thjfjvvfghhbjhfbj,4,0,2
,100,1930,False,False,mobin_a6798,4,0,1
,142,7498,False,False,abol.i99,4,1,9
,73,2552,False,False,aboliii345,4,0,1
,75,1593,False,False,ahmad.hatmrad,23,0,3
Ø§Ù‡Ù„ Ø¯Ù„ Ù‡Ø³ØªÛŒ ÙØ§Ù„Ùˆ Ú©Ù†ğŸ˜‹ğŸ˜‹ğŸ˜‹,122,6196,True,False,nazanin.sh9923,23,,
,283,6350,False,False,lzahral21,4,0,38
,178,7234,False,False,ali774026,4,2,43
,118,7092,False,False,mahoook78,24,1,4
"ğŸ°ï¼—ï¼–/ï½‚ï½ï½ˆï½ï½ï½/ï¼’ï¼“ğŸ°
â™»ï½‹ï½ï½’ï½ï½â™»
Wï½ï½’ï½‹:@coffe.gandom
â˜•ğŸºğŸ»ğŸ¹ğŸ¦ğŸ§ğŸ¨ğŸŸğŸ•ğŸ—ğŸ›ğŸğŸ³ğŸ”ğŸ°ğŸ©ğŸª
ğŸš˜ï½ï½ï½“ï½ˆï½‰ï½ ï½‚ï½ï½šğŸš˜
#206rc #206tuning #207i #207rc #405glx #mazda3 #Ù¾Ù†ÙˆÙ…Ø§ØªÛŒÚ©_Ø¨Ø§Ø² #Ù‡Ø¯Ù„Ø§ÛŒØª_Ø¶Ø¯Ø¢Ø¨",1231,728,False,False,mr.mohammad2311,30,0,423
"#Ø¨Ø§ÙØª_Ø¢Ù…ÙˆØ²Ø´_Ø¨Ø§ÙØª#ÙˆÙ„Ø²Ø¯Ø±Ø¯#Ø§ÙØ±â€ŒÙˆ
#Ø´ÛŒÙ†ÛŒÙˆÙ†_ØªØ®ØµØµÛŒ_Ø²ÛŒØ¨Ø§
#Ø§Ú©Ø³Ø³ÙˆØ±ÛŒ_Ù…Ùˆ_Ù…Ø¯
#Ø§Ú©Ø³Ø³ÙˆØ±ÛŒ_Ø¹Ø±ÙˆØ³
#Ø·Ø±Ø§Ø­_ØªØ§Ø¬_ÙØ´Ù†
#Ø·Ø±Ø§Ø­_ØªÙˆØ±_Ù„Ø¨Ø§Ø³_Ø¹Ø±ÙˆØ³
#Ú©Ø±Ø¬ #ØªÙ‡Ø±Ø§Ù†",6410,3201,False,False,_sheyni_org,152,34,346
,57,242,False,False,piyaz_goje,4,0,0
,485,1080,True,False,fati__665566,3,,
,343,304,False,False,mohamadmahd.e,9,0,19
100 Ø¨Ø±Ø³Ù… Ù¾ÛŒØ¬Ù…Ùˆ Ø¨Ø§Ø² Ù…ÛŒÚ©Ù†Ù…ğŸ˜œğŸ´,116,2568,False,False,saharqasemi576,23,0,8
,242,7283,False,False,elnazgoda,53,0,7
,527,1067,False,False,alireza_keramati_1386,7,0,10
,81,5671,False,False,farhad.ahmadii700,4,0,0
Hm,105,3380,False,False,hamid35677555,4,0,1
,78,2276,False,False,bita8722,4,0,4
@nilofar.brj,47,1692,True,False,mobinaa.ah1,22,,
....,71,1873,False,False,amirmohamad00001,22,0,0
,99,4458,False,False,jahni2222,6,0,3
,73,3254,False,False,yastunes_222,4,0,1
,201,5067,False,False,ayeh_1queen,5,1,43
,85,1160,False,False,sar_inaah,23,0,3
Ø¯Ø®ØªØ±ÛŒ Ø§Ø² Ø¬Ù†Ø³ Ù¾Ø§ÛŒÛŒØ²ğŸ¦‹,135,5202,False,False,mahsa_rasouli79,6,0,21
,11,580,False,False,fhds2021,0,,
,97,3207,False,False,baran.salimii7,22,0,7
"Law studentğŸ“š
SingleğŸ‘¸
esfahanğŸ’
KhordadiiğŸ§šâ€â™‚ï¸",117,5341,True,False,sanaa.hasani,22,,
"Ø¢ÛŒØ¯ÛŒ Ø§ØµÙ„ÛŒ:
@saeid.kiarsian",173,5263,False,False,barantaqipur,22,1,17
,296,2996,True,False,sonia_ebadi677,5,,
,663,1374,False,False,dokhiafghan18,12,0,2
,54,960,False,False,irezamk6,24,0,0
"â¤mohammadâ¤
â¤1384mehrmahiâ¤
ğŸ‘‘perspolisğŸ‘‘",1866,528,False,False,moh.ammad109,6,45,205
Ù¾Ø§ÛŒÙ‡,141,5024,True,False,ashkan.tabriz39,16,,
"tatalitiğŸ‘‘ğŸ‘¸
PerspolisiğŸ”¥ğŸ”¥
saken:yazdğŸŒğŸŒğŸŒ¾
motavaled:khordadğŸ˜ˆğŸ‘‘ğŸš©
ğŸš«â¤ğŸš«",125,5352,False,False,mari.nr1381,8,0,8
,84,4181,False,False,fatemehnjjhb,4,0,2
,72,3335,False,False,farhad.ahmadii1,4,0,1
,131,7033,False,False,hazarat726,4,0,4
,130,7199,False,False,reza12_43,6,0,2
,109,7467,False,False,palorka.shop8,24,3,3
,83,4094,False,False,njfnzhadau,10,0,2
,76,2466,True,False,darknessreborn1378,10,,
,66,4463,False,False,jokee800098,29,0,1
,73,2334,True,False,sarbaz012,4,,
"Ø³Ø±ÛŒØ§Ù„ ØªØ±Ú©ÛŒ Ø¯ÙˆØ¨Ù„Ù‡ Ùˆ Ø²ÛŒØ±Ù†ÙˆÛŒØ³ Ø±Ø§ Ø¨Ø±ÙˆØ² Ø§Ø² Ù…Ø§ ØªÙ‡ÛŒÙ‡ Ø¨ÙØ±Ù…Ø§ÛŒÛŒØ¯
 Ù…Ø³Ø¹ÙˆØ¯ Ø¨Ù‡Ø§Ø¯Ø±ÛŒ 
Ú¯Ù†Ø¨Ø¯ Ùˆ Ø¢Ø²Ø§Ø¯Ø´Ù‡Ø± Ø¯Ø± Ø®Ø¯Ù…ØªÛŒÙ… 
Ø¬Ù‡Øª Ø³ÙØ§Ø±Ø´ Ø³Ø±ÛŒØ§Ù„ Ø¯Ø§ÛŒØ±Ú©Øª Ø¨Ø§ Ø¢Ø±Ø´ÛŒÙˆ Ø¨ÛŒ Ù†Ø¸ÛŒØ±",225,1143,False,False,turk_kadeh,89,0,16
,69,1692,False,False,zariminly,4,0,1
"Ù„Ø§ ØªØºÙŠØ± Ù†ÙØ³Ùƒ Ø¨Ø³Ø¨Ø¨ Ø´Ø®Øµ ..
ÙˆÙ„Ø§ ØªÙ‚Ù„Ø¯ Ø§Ø­Ø¯ ..
ÙˆÙ„Ø§ ØªØªØ¨Ø¹ Ø§ÙŠ ÙƒÙ„Ø§Ù… ØªØ³Ù…Ø¹Ù‡ ..
ÙˆÙ„Ø§ ØªØ§Ø°ÙŠ Ù†ÙØ³Ùƒ Ø¨Ø³Ø¨Ø¨ Ø´Ø®Øµ ..",135,6785,False,False,0n_77884,4,0,6
"No live , no laugh :)",29,2835,False,False,arhmiiiii,7,0,4
,65,999,False,False,zick._.zack,5,0,2
"ğŸŒMhr mahy
İ•Ø­Û¡Ø« Ø§ÛŒÛ¡Ù† Ù†ÛŒÛ¡Ø³ ÚªÛ¡Ø¹ İ©Ø¯Ø§Ø±Ù…Ù¼ İ•Ø­Ø« Ø§ÛŒÛ¡Ù†Ø¹ ÚªØ¹ Úªİª Ø´Ù‡Ú–Û¡ Ø¯Ø§Ø±Û¡Ù†İ“|â€¢â™ ",138,4978,False,False,kimia_78_a,5,0,30
"Ú©Ù„ÛŒÙ¾ ğŸ’•Ø¹Ø§Ø´Ù‚Ø§Ù†Ù‡  Ø®Ø§Øµ ğŸ’•â£â£â£â£â£
ğŸ’•ğŸ’•ğŸ’•
ğŸ’—ğŸ’•
ğŸ’•
ğŸ’•
ğŸ’•Ø¬Ø¯ÛŒØ¯ ØªØ±ÛŒÙ† Ø¹Ø§Ø´Ù‚Ø§Ù†Ù‡ Ù‡Ø§ğŸ’™
ğŸ’•
ğŸ’•
ğŸ’—
â£â£",121,2719,False,False,love__cli,3,0,4
,70,3229,False,False,sala.r1878,4,0,2
,73,2087,False,False,khami.2199,4,0,2
,52,473,False,False,falw55,4,0,0
,100,3617,False,False,mona84000,4,0,0
,67,475,False,False,aaa.aa6558,5,0,1
,64,1666,False,False,reza_441133,25,0,1
,59,1986,False,False,daa_anaaa,4,0,0
,122,7108,False,False,ko8888kab,4,0,6
â™¡:â™¡â™¡â”â”â”â”â—â”â”€â”€â”€â™¡:â™¡,955,1784,False,False,f_a_t_e_m_e_h._.768499,0,,
ğŸ‘¸,48,3083,True,False,iyda4444,22,,
,106,5007,False,False,qanizz1e,4,0,5
Afsayd elam mikone,107,5097,False,False,ansar_r154,4,1,3
,103,5090,False,False,asma.n1829,26,0,4
"â™¥~Ù…Ø§Ù‡Ù…ÛŒÙ†ÛŒÙ… Ú©Ù‡ Ù‡Ø³ØªÛŒÙ…~â™¥
â™¥~Ø´Ø§Ø® Ù†ÛŒØ³ØªÛŒÙ… Ú†ÙˆÙ† Ú¯Ø§ÙˆÙ†ÛŒØ³ØªÛŒÙ…~â™¥
â™¥~Ø®Ø§Øµ Ù†ÛŒØ³ØªÛŒÙ… Ú†ÙˆÙ† Ø¹Ù‚Ø¯Ù‡ Ù†Ø¯Ø§Ø±ÛŒÙ…~â™¥
â™¥~Ø¨Ø§Ù„Ø§Ù†ÛŒØ³ØªÛŒÙ… Ú†ÙˆÙ† Ù¾Ø±Ú†Ù… Ù†ÛŒØ³ØªÛŒÙ…~â™¥
ÙÙ‚Ø· ÛŒÙ‡ Ø¢Ø¯Ù…ÛŒÙ…ØŒÚ†ÛŒØ²ÛŒ Ú©Ù‡ Ø®ÛŒÙ„ÛŒØ§Ù†ÛŒØ³ØªÙ†â€¢â€¢â€¢â€¢â€¢â™¥",3028,7476,False,False,takpar7173,22,0,106
"ğŸŒ¸follow usğŸ””
Ø§ÛŒØ¯Ù‡ Ù‡Ø§ÛŒ Ø¬Ø°Ø§Ø¨ Ø§Ø³ØªØ§ÛŒÙ„ ğŸ¤",2252,4331,False,False,fashionwnderfully,6,0,236
,52,287,False,False,hesamshadloo20,22,0,0
"1380ğŸ‘Œ
BoxğŸ’ªğŸ¤«
Mordadiâ¤
PerspolisğŸ˜‰
PvğŸ”
Jast godğŸ’“",123,1934,True,False,mohana.rezayiii,4,,
"ØªØ§ ÙˆÙ‚ØªÛŒÂ Ø¨Û Ø¬Ø§ÙŠÛŒ 
ÚªÛ Ø¯Ø§Ø±ÛŒ Ù…ÛŒ Ø±ÙˆÛŒ 
Ù†Ø±Ø³ÙŠØ¯Ù‡ Ø§ÛŒØŒ
Ù‡Ø±Ú¯Ø² Ø¨Û Ù¾Ø´Øª Ø³Ø± Ù†Ú¯Ø§Ù‡ Ù†ÚªÙ† . . .ğŸš¶ğŸ»â€â™‚",1717,3775,False,False,amirt.aksavar,0,,
,184,2468,False,False,iran.che,2,0,4
"ğŸŒ™Ú¯Ù€Ù€Ø§Ù„Ø±ÛŒ Ù…Ù€Ù€Ù€Ø§Ù‡ğŸŒ™
.
â­ï¸Ø§Ú©Ø³Ø³ÙˆØ±ÛŒ Ù‡Ø§ÛŒ Ù…Ùˆ Ùˆ Ø´Ù†ÛŒÙˆÙ†â­ï¸
.
ğŸŒ›Ø¯Ø³ØªØ¨Ù†Ø¯ØŒÚ¯ÙˆØ´ÙˆØ§Ø±Ù‡ Ùˆ .....Ù‡Ø±Ú†ÛŒ Ú©Ù‡ Ø¨Ø®ÙˆØ§ÛŒğŸŒœ
.
ğŸ’«Ù‡Ù… ØªÚ© Ùˆ Ù‡Ù… Ø¹Ù…Ø¯Ù‡ğŸ’«
.
âœ¨Ø³ÙØ§Ø±Ø´ Ø§Ø² Ø·Ø±ÛŒÙ‚ Ø¯Ø§ÛŒØ±Ú©Øªâœ¨",3125,2400,True,False,maahgalleryyy,51,,
"@z._.dehal Û¹
ğŸ˜‚â™¥ï¸ğŸ”¥",159,5368,False,False,mahdinmnbvcxz12,25,0,1
"ğŸŒºÚ¯Ù„Ø§Ø¨ Ùˆ Ø¹Ø±Ù‚ÛŒØ¬Ø§Øª Ù…Ù…ØªØ§Ø² Ù†ÛŒÙ„ÛŒ ğŸŒº
Ú©Ø§Ø´Ø§Ù†_ Ù†ÛŒØ§Ø³Ø±
Ø§Ø±Ø³Ø§Ù„ Ø±Ø§ÛŒÚ¯Ø§Ù† Ø¨Ù‡ ØªÙ…Ø§Ù… Ø´Ù‡Ø±Ù‡Ø§ÛŒ Ø§ÛŒØ±Ø§Ù†
â¬…ï¸ ØªÙ„ÙÙ† ØªÙ…Ø§Ø³ Ø¬Ù‡Øª Ø³ÙØ§Ø±Ø´ Ù…Ø­ØµÙˆÙ„Ø§Øª : 09139637090",297,578,False,False,nilirose_waternili,4,0,3
,101,3848,True,False,morvaridspk,22,,
,62,648,False,False,amir8275_8,4,0,1
,74,396,False,False,amirreza_fakhrani1386,0,,
"Med sti
18
Ahwaz city",79,1918,False,False,asra_norzi,24,1,1
,74,2114,False,False,unkn_own1486,22,0,4
,93,1203,False,False,ashkanmir122,23,0,0
".
Perspolis",176,2861,False,False,nemat_987,0,,
,61,1686,False,False,hamd.jaberi,22,0,0
".
â˜†â˜† Be your self â˜†â˜†
.
â¤ï¸ğŸ’«",82,1432,False,False,mandana_m2000,0,,
,1211,1769,True,False,tina_mhkm,1,,
".
Ø¨ÙˆØ±Ø§Ø³ÛŒ Ù…Ù†ÛŒÙ… ØºÙ…Ù„ÛŒ Ø¯Ø¤Ù†ÛŒØ§Ù… Ø¯ÛŒ
.
Follow=Follow
Like=Like
comment=comment
.
#Gamlidunya",1454,587,False,False,gamlidunya,1,0,1
.,2479,3721,False,False,arshia_zangenei,1,0,11
,54,470,False,False,2831_dokhi,23,0,0
"Ù‡Ø±Ø¬Ø§ØŒÙ‡ÙˆØ§    
Ù…ÙØ·Ø§Ø¨ÙÙ‚Ù Ù…ÙÛŒÙ„ÙØª Ù†Ø¨ÙˆØ¯ØŒØŒØŒ     Ø¨Ø±Ùˆ....
ÙØ±Ù‚Ù 
ØªÙˆØŒØŒØŒØŒØ¨Ø§Ø¯Ø±Ø®Øª Ù‡Ù…ÛŒÙ†ØŒÙ¾Ø§ÛŒ Ø±ÙØªÙ† Ø§Ø³ØªğŸƒğŸŒ±",2516,4138,True,False,sb_rahimi85,5,,
,92,5560,False,False,fati56125612,4,0,2
,140,4123,False,False,nadi.mbam,5,0,3
Ø³Ù„Ø·Ø§Ù† ÙÙ‚Ø· Ø±ÙˆÙ†ÛŒ Ú©Ù„Ù…Ù†,100,4096,False,False,ronikolman7,23,1,4
".
#ğŸ’œğŸ’™ğŸ’›",79,3276,False,False,najib12345_,5,0,1
,61,2330,False,False,matiii.7777777,22,0,0
,1485,700,False,False,shaham.f.a.n.a.l.i,20,0,43
,128,6944,False,False,apoo3219d,22,0,8
,682,1393,False,False,morvarid.aslanibeyk,0,,
,56,633,False,False,ami_rhfh,4,0,0
To ba mn bash,102,5362,False,False,farza_r4,4,0,7
,100,6388,False,False,phonegem,5,0,3
,60,1326,False,False,poorianv0000,4,0,1
,104,7339,False,False,haajqqjjqu,5,0,1
Hlo,56,1951,True,False,rezaamiri6674,12,,
"Ø³Ø­Ø± Ù‚Ø±ÛŒØ´ÛŒ Ø¬Ù†Ø¯Ù‡ Ú©ÙˆÙ†ÛŒ Ú©Ø³ Ø®ÛŒØ³ 
@saharghoreyshiofficialpage",100,3923,False,False,mohh2,4,1,4
,56,236,False,False,analiz_fake,4,0,0
,74,2339,False,False,mlmlml3434km,23,0,1
"Ø¯Ø± Ø¯Ù†ÛŒØ§ÛŒÛ ÚªÛ Ù‡Ù…Û Ù…Û’Ø®ÙˆØ§Ù‡Ù†Ø¯ Ø®Ù€Ù€Ù€Ù€Ù€Ù€Ø¯Ø§Û’ Ø¬Ø°Ù‘Ø§Ø¨Ù€Ù€Ù€Ù€ÛŒÙ€Ù‘Ù€Øª Ø¨Ø§Ø´Ù†Ù€Ù€Ù€Ø¯ ØªÙˆğŸ‘ˆ Ø®Ù€Ù€Ù€Ù€ÙˆØ¯Øª Ø¨Ø§Ø´ğŸ‘‰ Ø§ÛŒÙ†Ø¬ÙˆØ±Û Ø§Ø² Ù‡Ù…Û Ø¬Ø°Ù‘Ø§Ø¨ ØªØ±ÛğŸ™‚ğŸ™ƒğŸ˜‡ Miss,.nazanin",72,792,False,False,nazanin_org._,5,0,8
"ÙÙˆÙ‚ Ù„ÛŒØ³Ø§Ù†Ø³ Ø²Ø¨Ø§Ù† ÙˆØ§Ø¯Ø¨ÛŒØ§Øª ğŸ‡®ğŸ‡·
(ØªØ¯Ø±ÛŒØ³)",4291,2883,False,False,samiraesmailpour4679,80,0,100
silinğŸ‘©ğŸ‘‘,124,6281,False,False,silin1450,5,0,3
"computer graphics
ğŸˆ",171,3776,True,False,vida_yari19,4,,
Ø§ÛŒÙ†Ø¬Ùˆ Ù„Ø³ Ø¢Ù†Ø¬Ù„Ø³ Ù†ÛŒØ³Øª,55,511,False,False,abdolah.zz,22,0,1
Ú©Ø³Ø¨ Ùˆ Ú©Ø§Ø± Ø§ÛŒÙ†ØªØ±Ù†ØªÛŒ ÙÙˆÙ‚ Ø§Ù„Ø§Ø¯Ù‡ Ø¨Ø§ Ø¯Ø³ØªÙ…Ø²Ø¯ Ø¨Ø§Ù„Ø§ Ø­ØªÙ…Ø§ Ø§Ù…ØªØ­Ø§Ù† Ú©Ù†ÛŒÙ†ğŸŒ·ğŸŒ·,28,491,False,False,kasbokar_enternati,2,0,4
,76,5122,False,False,ali8090323,11,0,1
,85,4790,False,False,mortezamo21213,22,57,2
ğŸ¤¼ğŸ¤¼,2146,2803,False,False,ilia.85y,3,0,499
,73,1457,False,False,nonami87668,5,0,3
,73,1994,False,False,mohamadhoseaini1400,5,0,1
,177,7448,False,False,00002bin,11,0,3
"â¤ØªØ¨Ù€Ù€Ù€Ù€Ù€Ù€Ù€Ù€Ù€Ù€Ù€Ù€Ù€Ù€Ù€Ù€Ù€Ø±ÛŒØ²ğŸ’œ
Civil engineerğŸ¢
uni:pnu TabrizğŸ“
1994
â„³iss Saeede Nouri
ğŸ˜‹Just for fun
Ù…Ù…Ù†ÙˆÙ† Ø§Ø² Ø­Ø³Ù† ØµØ¨ÙˆØ±ÛŒ Ú©Ù‡ Ù¾ÛŒØ¬Ù… Ø±Ùˆ Ø¨Ø±Ú¯Ø±Ø¯ÙˆÙ†Ø¯
@hassan.saboori1",262,1113,False,False,saeede__turk,15,34,95
Ù…Ø¨Ù…,91,459,False,False,fatiep90,22,0,0
Hulk,18,2839,False,False,hulk.1398,4,0,0
,630,4170,False,False,mina_banoo73,4,1,20
,162,7083,False,False,papa.r85,5,19,19
,96,5107,True,False,ilia920930,4,,
,927,1725,False,False,fati22ahmdi,3,1,40
,76,3886,False,False,tinatehrani59,0,,
,8,197,False,False,mamaigoli.3,0,,
,96,5325,False,False,kartalportex,10,0,6
ØªÙˆÙ„ÛŒØ¯ Ø³Ù†Ú¯ Ù…ØµÙ†ÙˆØ¹ÛŒ #Ø³Ù†Ú¯_Ù…ØµÙ†ÙˆØ¹ÙŠ #Ø³Ù†Ú¯ #Ø³Ù†Ú¯_Ù…ØµÙ†ÙˆØ¹ÛŒ #Ø®ÙˆØ²Ø³ØªØ§Ù†,86,5017,False,False,sangstone17,22,0,0
N,113,1726,False,False,sooltan880,9,0,18
,138,6905,False,False,google770444444,4,0,6
,108,954,False,False,djdjcjjjcdjdj9,4,0,0
,82,2419,False,False,zxcvbnmqwertyuiop881,10,0,13
,53,627,False,False,mostafa_m9363,5,0,2
"Amir
18
Rasht",5002,5164,False,False,manchesterunited__ir,0,,
,249,5279,False,False,reza.urom70,4,0,3
,107,4916,False,False,reyhan138332,4,0,2
Ù†Ù†,121,1000,False,False,oxfat1,22,0,0
"Be well away from the filthy world, Look at yourself, to your deeds, death is near   ğŸ‘‰ğŸ¼Be with God",6008,7502,False,False,khajeh1984,44,13,162
,56,789,False,False,qwer.asdf1234567,22,0,0
"The institute for sexual wellness
Ù…Ø´Ø§ÙˆØ±Ù‡
Ø±ÙˆØ§Ù†Ø´Ù†Ø§Ø³ÛŒ
Ø±ÙØ¹ Ø³Ø±Ø¯Ù…Ø²Ø§Ø¬ÛŒØŒ Ø²ÙˆØ¯Ø§Ù†Ø²Ø§Ù„ÛŒØŒ Ù†Ø¹ÙˆØ¸
Ø±ÙØ¹ Ø§Ø®ØªÙ„Ø§Ù„ Ù‡ÙˆØ±Ù…ÙˆÙ†ÛŒØŒ Ù‚Ø§Ø¹Ø¯Ú¯ÛŒ
Ø¢Ù…ÙˆØ²Ø´ Ø§Ø±Ú¯Ø§Ø³Ù… Ø²Ù†Ø§Ù†
ØªÙ†Ú¯ Ú©Ø±Ø¯Ù† Ùˆ Ø¬ÙˆØ§Ù†Ø³Ø§Ø²ÛŒ ÙˆØ§Ú˜Ù†",10324,7462,True,False,doctor.s_xology,60,,
,66,975,False,False,niliyoomi3,5,0,1
ÛŒÚ© Ø¯Ø®ØªØ± Ø¨ÛŒØ§Ø¯ Ù¾ÛŒ ÙˆÛŒ.,98,903,False,False,mohammad93878,4,0,0
ØªÛŒØªØªØ²Ú©Ø²,118,550,False,False,fatiep0,22,0,0
".
ğŸ¦‹â¦â¤ï¸â©",58,841,True,False,mahdiyeh__1927,0,,
"ØªÙ†Ù‡Ø§ÛŒ ÙˆØ­Ø´ÛŒğŸ–¤ğŸš¶â€â™‚ï¸ğŸ¥€
Ù†Ù‡ Ø¨Ù‡ Ø§Ù†ØªØ¸Ø§Ø± Ú©Ø³ÛŒØŒØŒØŒ Ù†Ù‡ Ø§Ù†ØªØ¸Ø§Ø± Ø§Ø² Ú©Ø³ÛŒğŸ–¤ğŸš¶â€â™‚ï¸ğŸ¥€",1028,999,False,False,saeeed4568,6,0,2
,87,1195,False,False,kilo001122,4,0,4
,64,477,False,False,mahsa543244,4,0,1
,57,477,False,False,rana.sh.z,0,,
"ğŸ§¿Ø¢Ø±Ø§ÛŒØ´Ú¯Ø§Ù‡ Ø¯ÛŒØ¨Ø§ğŸ§¿
ğŸ‘ˆØ§Ø±Ø§Ø¦Ù‡ Ú©Ù„ÛŒÙ‡ Ø®Ø¯Ù…Ø§Øª Ø¢Ø±Ø§ÛŒØ´ÛŒ Ùˆ Ù¾ÛŒØ±Ø§ÛŒØ´ÛŒ)
â†©(Ø¨Ø§ Ø³Ø§Ø¨Ù‚Ù‡ Ù…Ø±Ø¨ÛŒÚ¯Ø±ÛŒ)
ğŸ“Ù…Ø³Ø¬Ø¯ Ø¬Ø§Ù…Ø¹ØŒ ÙØ±Ø¹ÛŒ Ø§ÙˆÙ„ Ø³Ù…Øª Ú†Ù¾ØŒ Ø±ÙˆØ¨Ù‡â€ŒØ±ÙˆÛŒ Ø¨ÙˆØªÛŒÚ© Ù…Ù„ÙˆÙ†
ğŸ“ 09171286480 Ø²Ø§Ø±Ø¹",942,1697,True,False,dibabeauty__,39,,
,140,4573,False,False,anitaaa437,4,0,6
"ğŸ live in karjğŸ 
ğŸ˜†bahman mahiğŸ˜†
ğŸ˜¬tatalitiyamğŸ˜‰
ğŸ˜Turk
ğŸ˜„love ? noğŸ˜
ØªØ¨Ù„ÛŒØºØ§Øª Ø¯Ø§ÛŒØ±Ú©Øª ğŸ“¤
Ø¨Ø§Ù‡Ø²ÛŒÙ†Ù‡ Ú©Ù…",3576,951,False,False,hosein_7070_oo,19,66,296
,127,7045,False,False,bahadori9047,22,0,4
,576,2038,False,False,dash_ali13812002,20,1,35
ğŸ‘‘ğŸ’„ğŸ’„ğŸ’„ğŸ’„ğŸ”¥ğŸ”¥ğŸ”¥ğŸ”¥ğŸ”¥ğŸ”¥,130,3835,False,False,vaperosso2,4,0,3
YÏƒÏ…ÑÑ” Ğ¼Ñƒ â„“Î¹Ğ¼ÏÎ¹âˆ‚Ñ”Ñ•Ñ‚ âˆ‚ÑÑ”Î±Ğ¼ğŸŒŒğŸ¥€,1635,1462,False,False,payam._.hs,6,28,205
,57,1463,False,False,mona.jack13,4,0,1
,92,2902,False,False,mooha.n9759,4,0,1
"Ø¨Ù…ÛŒØ±Ù… ØªØ§ Ù†Ù…ÛŒØ±ÛŒ .ğŸ’—Ù…Ø§Ø¯Ø±ğŸ’—
ØªÙ†Ù‡Ø§ÛŒÛŒ Ù„Ø§ØªÛŒ ØªØ±Ù‡ğŸ’”ğŸ¥€",2896,4690,False,False,amirhoseyn._.1382,5,8,76
"Ø®Ø¯Ø§ÛŒØ§ Ø´Ú©Ø±Øª Ú©Ù‡ Ø§Ù…Ø±ÙˆØ² Ø¨Ù‡ Ù…Ù† Ø²Ù†Ø¯Ú¯ÛŒ Ø¨Ø®Ø´ÛŒØ¯ÛŒ ØªØ§ ÛŒÚ© Ø±ÙˆØ² Ø¯ÛŒÚ¯Ø± Ø¨Ù†Ø¯Ú¯ÛŒ ØªÙˆ Ø±Ø§ Ø¨Ù‡ Ø¬Ø§ Ø¨ÛŒØ§Ø±Ù….
Ø®Ø¯Ø§ÛŒØ§ Ø´Ú©Ø±Øª Ú©Ù‡ ØªÙˆÙÛŒÙ‚ Ø´Ú©Ø±Ú¯Ø²Ø§Ø±ÛŒ Ø¨Ù‡Ù… Ø¯Ø§Ø¯ÛŒ",2507,4500,False,False,mohmmmd55,0,,
,57,2864,False,False,ssssssssss.905,22,0,6
,67,1843,False,False,gooo.o1378,4,0,1
"ÙÙ† Ù¾ÛŒØ¬ Ø§ÛŒÙ† Ø¨Ø§ Ø§Ø³ØªØ¹Ø¯Ø§Ø¯Ù…ğŸ¤©ğŸ™ƒğŸ˜‰
@matana.dancer",13,473,False,False,matana.dancer_fn,5,13,17
,55,6599,True,False,amirijik3,9,,
Flw=flw,162,2841,False,False,faezemahd,10,0,9
la#Ù†Ù‡Ø§Øª,91,7391,False,False,sahar_moghanloo_qz,26,3,11
,88,3405,False,False,mahdisalimian2015,4,0,4
bahar,87,2036,True,False,alimalitopi,10,,
"â–ğŸâ€¢â€¢ Ë¢áµ—áµ’áµ– Ë¢áµ‰áµ—áµ—á¶¦â¿áµ Ê¸áµ’áµ˜Ê³Ë¢áµ‰Ë¡á¶  áµ’â¿ á¶ á¶¦Ê³áµ‰ áµ—áµ’ áµáµ‰áµ‰áµ– áµ’áµ—Ê°áµ‰Ê³Ë¢ Ê·áµƒÊ³áµ! 
ÙˆØ§Ø³Ù‡ Ú¯Ø±Ù… Ú©Ø±Ø¯Ù†Ù Ø¨Ù‚ÛŒÙ‡ Ø®ÙˆØ¯Øª Ø±Ùˆ Ø¨Ù‡ Ø¢ØªØ´ Ù†Ú©Ø´!",197,343,False,False,zahraabasi260,1,7,53
,66,1907,False,False,jkljkl.00173,4,0,0
"Ø¯Ø§ÛŒØ±Ú©Øª=Ø¨Ù„Ø§Ú©ğŸš«
Ù¾Ø§ÛŒÙ‡ Ø´Ø§ØªğŸ‘Œ
ÙØ§Ù„Ùˆ=ÙØ§Ù„Ùˆ ğŸ˜‰
SbzğŸ  
ØªØ¨Ù„ÛŒØº Ø¯Ø§ÛŒØ±Ú©ØªğŸ“¥",5360,5837,True,False,fatemeh.cheshomiyy,2,,
ğŸ™‚,80,6456,False,False,ariya_78_,23,0,4
"1999/08/28
tahrani",437,2513,True,False,mohamad_m_yazdani_1999,4,,
,147,3988,False,False,agayezifake69,10,0,0
,70,3334,False,False,rizmoj,4,0,0
ğŸ†•,89,4665,False,False,sabas_ex,22,0,3
,177,7438,False,False,rezarazok,5,1,10
,157,6134,False,False,fafalianoo,10,0,10
"Tehran
ØªØ§ Ø§ÙˆÙ…Ø¯ÛŒÙ… Ú¯Ø±Ú¯Ø§ Ø±Ùˆ Ø±Ø§Ù… Ú©Ù†ÛŒÙ… Ø³Ú¯Ø§ Ø´Ø§Ø® Ø´Ø¯Ù†",107,6981,True,False,mona_namdari_pv,26,,
,90,3981,False,False,mohamad990046,5,0,0
,93,6585,False,False,saman89037,23,0,0
,1058,1781,False,False,alisalimi1314u,2,75,75
"â–¬â–­â–¬â–­â–¬â–­â–¬â–­â–¬â–­â–¬â–­
ğ—•ğ—˜  ğ—”  ğ—–ğ—”ğ—Ÿğ— ğ—¡ğ—˜ğ—¦ğ—¦  ğ—™ğ—¢ğ—¥  ğ— ğ—˜
           Éª'á´ á´‡ É¢á´á´› á´‡É´á´á´œÉ¢Êœ á´¡á´á´œÉ´á´…s
Ø¢Ø±Ø§Ù…Ø´ÙÙ… Ø¨Ø§Ø´ Ø›
Ù…Ù† Ø¨Ù‡ Ø§Ù†Ø¯Ø§Ø²Ù‡ Ú©Ø§ÙÛŒ Ø²Ø®Ù… Ø®ÙˆØ±Ø¯Ù…!",3866,7481,False,False,milad_imani84,0,,
,75,462,False,False,inix51,24,0,1
,122,7051,False,False,h11344.5,5,0,1
,73,253,False,False,arta.00025,5,0,0
"tehranğŸ 
tirmahi ğŸ‰ğŸ",77,3139,True,False,nasi.m1596,22,,
Ø³Ø±ÛŒØ§Ù„  Ú¯ÙˆØ¯Ø§Ù„,255,459,False,False,chkur_godal,0,,
,2270,4616,False,False,saeiid376,0,,
,693,1207,False,False,mahdi_x01,0,,
,107,5554,False,False,abr.abr.431,4,0,1
,70,935,False,False,mahta.pourkaveh,12,0,1
,54,614,False,False,mah09396,5,0,1
"ÙØ±ÙˆØ´ Ù¾Ú© Ø¢Ù…ÙˆØ²Ø´ÛŒ Ù‡Ú© Ø§Ú©Ø§Ù†Øª
Ø¨Ø¯ÙˆÙ† Ø¨Ù† Ø´Ø¯Ù†
Ù‚ÛŒÙ…Øª: Û²Û²Û° Ù‡Ø²Ø§Ø± ØªÙˆÙ…Ø§Ù†
ID Telegram: @Ali_7_R ØªØ¹Ø¯Ø§Ø¯ Ù…Ø­Ø¯ÙˆØ¯ Ø¨Ø§ ÛµØ¯Ø±ØµØ¯ ØªØ®ÙÛŒÙ",140,5933,False,False,erfan_janat_3,23,0,0
,53,530,False,False,fard_ib,4,0,0
,2022,3356,False,False,huyarherki9879,0,,
"WreStlerâ—ï¸
.
.
       ğŸ–¤
.
.
            LÌ¸OÌ¸YÌ¸ BÌ¸AÌ¸ZÌ¸IÌ¸ KÌ¸HÌ¸UÌ¸DÌ¸AÌ¸ RÌ¸AÌ¸ZÌ¸IÌ¸ ğŸ–¤",78,2301,False,False,_malik_jan_,4,1,6
"Art
ğŸ’¢Ù…Ø¹Ø¬Ø²Ù‡ Ù‡Ù…ÙˆÙ† ØªÙ„Ø§Ø´ Ø³Ø®ØªÙ‡ğŸ’¢",1241,1767,False,False,art_cnc_2020,0,,
Ø®Ø¯Ø§ Ø¨Ø²Ø±Ú¯Ù‡..,85,3486,True,False,nazi.m___6,22,,
,183,3404,False,False,alireza.12345609,27,1,6
,96,1788,False,False,za.mir253,24,0,0
,96,5589,False,False,sara1112500,26,0,4
Jjjj,67,1545,False,False,gaagyg,4,0,0
"ğŸ¼ğŸ¾MamadğŸ¾ğŸ¼
Ù
â€¢â€¢â€¢Ø¨Ø³Ù…â€ŒØ§Ù„Ù„Ù‡â€ŒØ§Ù„Ø±Ø­Ù…Ù†â€ŒØ§Ù„Ø±Ø­ÛŒÙ…â€¢â€¢â€¢
ğŸ‡°ğŸ‡·..ğŸ‡¨ğŸ‡³..ğŸ‡¯ğŸ‡µ..ğŸ‡°ğŸ‡·
Ù
ğŸ‘‘ShryarğŸ‘‘
ğŸŒµÛŒÙÙ‡ Ù†ÙØ® ÙˆÛŒÙ†ÙØ³ØªÙˆÙ†â€ŒÙØ¹Ø¢Ø¨ÛŒğŸ’§ğŸŒ·
Ù
â˜ï¸Ø¹ÙØ¬Ø¢ÛŒÙØ¨Ù Ø²ÙÙ†Ø¯ÙÚ¯ÛŒÙ‘â˜ï¸",605,1958,False,False,mmd_alili,4,0,91
,60,1968,False,False,amir_447755,25,0,0
"tatality 
@khosrokhan969 
sohrab MJ",89,1532,False,False,neda.baghri.pv,4,0,9
,139,7507,False,False,bahar.sadegi.06,23,1,19
Ø§Ø² Ø¯Ø³Øª Ù†Ø¯Ù‡ğŸ‘‡,139,4357,False,False,sbm2021s2,87,0,33
"Ø²Ø±ÛŒ
1375
Ø®Ø±Ø¯Ø§Ø¯
Ù…Ø·Ø§Ù„Ø¹Ù‡
Ù¾ÛŒØ§Ø¯Ù‡ Ø±ÙˆÛŒ
Ø¹Ú©Ø§Ø³ÛŒ ØªÙ†ÛŒØ³
Ø´Ù†Ø§
Ø·Ø±Ø§Ø­ÛŒ",66,1442,False,False,zari1375_,22,0,13
,79,2073,False,False,vorojak1930,4,0,10
,98,3605,True,False,amirmohammad09100,4,,
"Ù¾Ø³Ø± Ø·Ø¨ÛŒØ¹ØªğŸ¤ğŸ‘‘
âœ‚ï¸ Barberâœ‚ï¸
AccountancyğŸ“š
Life can only be understood backwards; but it must be lived forwards.*_*:)",2066,2577,False,False,mohamad_.unique,1,27,255
,125,7429,False,False,rezvanebadiii,24,0,1
".
ğŸ¤ğŸ‘»",94,4832,True,False,ehsan_rad10,4,,
&lt;â€¢â€¢â€¢&gt;,795,2590,False,False,omid._moluodi,0,,
,101,251,False,False,amir1279086,0,,
Eha,136,7235,False,False,mobina.ashrafi6,10,0,16
,123,5706,True,False,adad5738,19,,
,67,2110,False,False,lplplp343.47,22,0,1
,1009,451,False,False,abolf_azl1384a,0,,
@hesam_mohammdi.official Ù¾ÛŒØ¬ Ø§ÙˆÙ„â¤â¤â¤â¤,106,4183,False,False,hesam.a.mohammdi,4,0,3
,102,7211,False,False,arma.nizadii,4,0,1
,95,917,False,False,rezahm001,6,0,0
Fqd to balade qlbmi â™¥ï¸ağŸ§¿,95,3042,True,False,ll_sanall80,4,,
